Warning: You are sending unauthenticated requests to the HF Hub. Please set a HF_TOKEN to enable higher rate limits and faster downloads.
#################################################################################################
Generating vlm insights
#################################################################################################
Fetching 4 files:   0%|          | 0/4 [00:00<?, ?it/s]Fetching 4 files: 100%|██████████| 4/4 [00:00<00:00, 2030.89it/s]
Loading weights:   0%|          | 0/687 [00:00<?, ?it/s]Loading weights:   2%|▏         | 16/687 [00:00<00:04, 150.84it/s]Loading weights:   7%|▋         | 51/687 [00:00<00:02, 258.06it/s]Loading weights:  13%|█▎        | 86/687 [00:00<00:02, 291.78it/s]Loading weights:  17%|█▋        | 116/687 [00:00<00:01, 292.04it/s]Loading weights:  22%|██▏       | 150/687 [00:00<00:01, 304.93it/s]Loading weights:  27%|██▋       | 185/687 [00:00<00:01, 316.75it/s]Loading weights:  32%|███▏      | 217/687 [00:00<00:01, 310.30it/s]Loading weights:  36%|███▋      | 250/687 [00:00<00:01, 309.65it/s]Loading weights:  41%|████▏     | 285/687 [00:00<00:01, 317.89it/s]Loading weights: 100%|██████████| 687/687 [00:01<00:00, 659.13it/s]
  0%|          | 0/3 [00:00<?, ?it/s]
processing .DS_Store..

processing brownie.mp4..
- processing frame20.jpg...
Q: Identify only the food items visible in the image. Provide a comma-separated list of food items with no additional descriptions or details. Do not repeat any items in your response.
A: chocolate cake, icing
Q: Identify the main cooking action or stage occurring in the image. Choose one concise label, such as mixing, stirring, whisking, chopping, cutting, pouring, boiling, frying, sautéing, baking, kneading, serving, plating, or no clear cooking action. Return only the action label and nothing else.
A: Baking
Q: Estimate the approximate temperature of the food or dish shown in the image, in degrees Celsius.
A: It is not possible to accurately estimate the temperature of the food in the image without additional information. The image shows a piece of chocolate cake on a yellow plate, but there is no visible indication of the temperature, such as steam or heat waves. To estimate the temperature, one would need to rely on other cues, such as the
Q: Provide a detailed list of the ingredients of the food in the image. Only include a comma-separated list of items with no additional descriptions for each item in your response.
A: 
Q: Estimate the temperature of the dish in the image
A: The image shows a piece of chocolate cake on a yellow plate. The cake appears to be freshly baked, as it has a moist texture and a rich, dark color. The temperature of the dish is likely to be warm, as it has just been taken out of the oven. However, it is not possible to determine the exact temperature of
- processing frame40.jpg...
Q: Identify only the food items visible in the image. Provide a comma-separated list of food items with no additional descriptions or details. Do not repeat any items in your response.
A: butter, cocoa powder, spices
Q: Identify the main cooking action or stage occurring in the image. Choose one concise label, such as mixing, stirring, whisking, chopping, cutting, pouring, boiling, frying, sautéing, baking, kneading, serving, plating, or no clear cooking action. Return only the action label and nothing else.
A: Mixing
Q: Estimate the approximate temperature of the food or dish shown in the image, in degrees Celsius.
A: The image shows a person melting butter in a pan. The temperature of the butter would be approximately 160 degrees Celsius, as this is the typical melting point of butter.
Q: Provide a detailed list of the ingredients of the food in the image. Only include a comma-separated list of items with no additional descriptions for each item in your response.
A: 
Q: Estimate the temperature of the dish in the image
A: The dish in the image is being prepared by melting butter in a pan. The temperature of the dish is likely to be around 350°F (175°C) or higher, as this is the typical temperature for melting butter. The heat source, such as a stove or oven, would be set to a higher
- processing frame60.jpg...
Q: Identify only the food items visible in the image. Provide a comma-separated list of food items with no additional descriptions or details. Do not repeat any items in your response.
A: 
Q: Identify the main cooking action or stage occurring in the image. Choose one concise label, such as mixing, stirring, whisking, chopping, cutting, pouring, boiling, frying, sautéing, baking, kneading, serving, plating, or no clear cooking action. Return only the action label and nothing else.
A: Mixing
Q: Estimate the approximate temperature of the food or dish shown in the image, in degrees Celsius.
A: The image shows a person pouring a yellow liquid, which appears to be melted butter, into a bowl. The temperature of the melted butter would be approximately 160 degrees Celsius, as this is the typical melting point of butter.
Q: Provide a detailed list of the ingredients of the food in the image. Only include a comma-separated list of items with no additional descriptions for each item in your response.
A: 
Q: Estimate the temperature of the dish in the image
A: The dish in the image is being prepared for melting butter, which is typically done at a temperature of around 160°F (71°C). However, the exact temperature of the dish in the image cannot be determined without additional information.
- processing frame80.jpg...
Q: Identify only the food items visible in the image. Provide a comma-separated list of food items with no additional descriptions or details. Do not repeat any items in your response.
A: 
Q: Identify the main cooking action or stage occurring in the image. Choose one concise label, such as mixing, stirring, whisking, chopping, cutting, pouring, boiling, frying, sautéing, baking, kneading, serving, plating, or no clear cooking action. Return only the action label and nothing else.
A: Mixing
Q: Estimate the approximate temperature of the food or dish shown in the image, in degrees Celsius.
A: The image shows a yellow liquid, which could be a sauce or a soup, being poured from a bowl into a cup. The temperature of the liquid is not directly visible in the image, but it is likely to be hot or warm, as it is being poured into a cup. A reasonable estimate for the temperature of the liquid would be between
Q: Provide a detailed list of the ingredients of the food in the image. Only include a comma-separated list of items with no additional descriptions for each item in your response.
A: 1 cup sugar, 1 egg, 1 cup flour, 1 cup milk, 1 teaspoon baking powder, 1/2 teaspoon salt, 1/2 cup chocolate chips, 1/2 cup butter, 1/2 cup brown sugar, 1/2 cup cinnamon, 1/2
Q: Estimate the temperature of the dish in the image
A: The dish in the image appears to be hot, as it is described as a "hot dish" and the person is holding a cup of sugar. The presence of a hot dish and the person holding a cup of sugar suggests that the dish is likely to be served hot. However, without a thermometer or other temperature-measuring device,
- processing frame100.jpg...
Q: Identify only the food items visible in the image. Provide a comma-separated list of food items with no additional descriptions or details. Do not repeat any items in your response.
A: 
Q: Identify the main cooking action or stage occurring in the image. Choose one concise label, such as mixing, stirring, whisking, chopping, cutting, pouring, boiling, frying, sautéing, baking, kneading, serving, plating, or no clear cooking action. Return only the action label and nothing else.
A: Mixing
Q: Estimate the approximate temperature of the food or dish shown in the image, in degrees Celsius.
A: It is not possible to accurately estimate the temperature of the food or dish shown in the image, as there is no direct indication of the temperature. However, the image shows a person pouring a liquid, possibly sugar, into a bowl. The liquid could be hot or cold, depending on the context or the intended use of the sugar
Q: Provide a detailed list of the ingredients of the food in the image. Only include a comma-separated list of items with no additional descriptions for each item in your response.
A: 
Q: Estimate the temperature of the dish in the image
A: The image shows a person stirring a dish, which appears to be a hot beverage, possibly coffee or tea. The steam rising from the dish suggests that the temperature is quite hot, likely above 100°C (212°F). However, without a thermometer, it is difficult to estimate the exact temperature.
- processing frame120.jpg...
Q: Identify only the food items visible in the image. Provide a comma-separated list of food items with no additional descriptions or details. Do not repeat any items in your response.
A: 
Q: Identify the main cooking action or stage occurring in the image. Choose one concise label, such as mixing, stirring, whisking, chopping, cutting, pouring, boiling, frying, sautéing, baking, kneading, serving, plating, or no clear cooking action. Return only the action label and nothing else.
A: Mixing
Q: Estimate the approximate temperature of the food or dish shown in the image, in degrees Celsius.
A: Based on the image, it is not possible to accurately estimate the temperature of the food or dish shown. The dish appears to be a yellow-colored food, possibly a dessert or a dish with a yellow sauce or filling. However, without more information or a thermometer, it is not possible to determine the temperature of the dish
Q: Provide a detailed list of the ingredients of the food in the image. Only include a comma-separated list of items with no additional descriptions for each item in your response.
A: 
Q: Estimate the temperature of the dish in the image
A: The dish in the image appears to be hot, as it is described as a "hot dish" and is placed on a stove. However, without a thermometer or other temperature-measuring device, it is not possible to provide an exact temperature.
- processing frame140.jpg...
Q: Identify only the food items visible in the image. Provide a comma-separated list of food items with no additional descriptions or details. Do not repeat any items in your response.
A: eggs, rice, spices
Q: Identify the main cooking action or stage occurring in the image. Choose one concise label, such as mixing, stirring, whisking, chopping, cutting, pouring, boiling, frying, sautéing, baking, kneading, serving, plating, or no clear cooking action. Return only the action label and nothing else.
A: Mixing
Q: Estimate the approximate temperature of the food or dish shown in the image, in degrees Celsius.
A: It is not possible to accurately estimate the temperature of the food or dish shown in the image, as there is no direct indication of the temperature. However, the presence of a spoon and a bowl of food suggests that the dish is likely to be served at room temperature or slightly warm.
Q: Provide a detailed list of the ingredients of the food in the image. Only include a comma-separated list of items with no additional descriptions for each item in your response.
A: 
Q: Estimate the temperature of the dish in the image
A: It is not possible to accurately estimate the temperature of the dish in the image. However, the dish appears to be hot, as it is being stirred with a spoon, and the person is using a bowl to scoop the food. The presence of a hot dish suggests that it is likely to be served at a temperature that is comfortable for consumption
- processing frame160.jpg...
Q: Identify only the food items visible in the image. Provide a comma-separated list of food items with no additional descriptions or details. Do not repeat any items in your response.
A: 
Q: Identify the main cooking action or stage occurring in the image. Choose one concise label, such as mixing, stirring, whisking, chopping, cutting, pouring, boiling, frying, sautéing, baking, kneading, serving, plating, or no clear cooking action. Return only the action label and nothing else.
A: Mixing
Q: Estimate the approximate temperature of the food or dish shown in the image, in degrees Celsius.
A: It is not possible to accurately estimate the temperature of the food or dish shown in the image, as there is no direct indication of the temperature. However, the presence of a bowl of chocolate chips and a spoon suggests that the dish may be at room temperature or slightly warmer. If the dish is meant to be served hot, it
Q: Provide a detailed list of the ingredients of the food in the image. Only include a comma-separated list of items with no additional descriptions for each item in your response.
A: 
Q: Estimate the temperature of the dish in the image
A: The dish in the image appears to be hot, as it is being stirred by a person's hands. However, it is not possible to accurately estimate the temperature of the dish just by looking at the image. To determine the temperature, one would need to use a thermometer or other temperature-measuring device.
- processing frame180.jpg...
Q: Identify only the food items visible in the image. Provide a comma-separated list of food items with no additional descriptions or details. Do not repeat any items in your response.
A: 
Q: Identify the main cooking action or stage occurring in the image. Choose one concise label, such as mixing, stirring, whisking, chopping, cutting, pouring, boiling, frying, sautéing, baking, kneading, serving, plating, or no clear cooking action. Return only the action label and nothing else.
A: Mixing
Q: Estimate the approximate temperature of the food or dish shown in the image, in degrees Celsius.
A: It is not possible to accurately estimate the temperature of the food or dish shown in the image, as there is no direct indication of the temperature. However, the presence of a spoon and a bowl of food suggests that the dish is likely to be served at a temperature that is comfortable for consumption, which is typically around 20-
Q: Provide a detailed list of the ingredients of the food in the image. Only include a comma-separated list of items with no additional descriptions for each item in your response.
A: 
Q: Estimate the temperature of the dish in the image
A: It is not possible to accurately estimate the temperature of the dish in the image. However, the dish appears to be hot, as it is being prepared and the person is using a spoon to mix the contents.
- processing frame200.jpg...
Q: Identify only the food items visible in the image. Provide a comma-separated list of food items with no additional descriptions or details. Do not repeat any items in your response.
A: 
Q: Identify the main cooking action or stage occurring in the image. Choose one concise label, such as mixing, stirring, whisking, chopping, cutting, pouring, boiling, frying, sautéing, baking, kneading, serving, plating, or no clear cooking action. Return only the action label and nothing else.
A: Mixing
Q: Estimate the approximate temperature of the food or dish shown in the image, in degrees Celsius.
A: It is not possible to accurately estimate the temperature of the food or dish shown in the image, as it is not possible to determine the temperature of the dish without additional information or context.
Q: Provide a detailed list of the ingredients of the food in the image. Only include a comma-separated list of items with no additional descriptions for each item in your response.
A: 
Q: Estimate the temperature of the dish in the image
A: It is not possible to accurately estimate the temperature of the dish in the image. However, the dish appears to be hot, as it is being stirred with a spoon and there is a bowl of cinnamon nearby, which is often used to add warmth and flavor to dishes.
- processing frame220.jpg...
Q: Identify only the food items visible in the image. Provide a comma-separated list of food items with no additional descriptions or details. Do not repeat any items in your response.
A: 2 eggs, flour, cinnamon, sugar, chocolate chips, vanilla extract, butter, eggs, flour, cinnamon, sugar, chocolate chips, vanilla extract, butter
Q: Identify the main cooking action or stage occurring in the image. Choose one concise label, such as mixing, stirring, whisking, chopping, cutting, pouring, boiling, frying, sautéing, baking, kneading, serving, plating, or no clear cooking action. Return only the action label and nothing else.
A: Mixing
Q: Estimate the approximate temperature of the food or dish shown in the image, in degrees Celsius.
A: The image shows a bowl of scrambled eggs on a marble countertop. The eggs are being prepared, and the person is adding spices to the dish. The temperature of the eggs is not directly visible in the image, but it is reasonable to assume that the eggs are cooked to a temperature that is safe for consumption. This would typically be
Q: Provide a detailed list of the ingredients of the food in the image. Only include a comma-separated list of items with no additional descriptions for each item in your response.
A: 2 eggs, flour, sugar, cinnamon, nutmeg, vanilla extract, butter, milk, chocolate chips
Q: Estimate the temperature of the dish in the image
A: The dish in the image appears to be hot, as it is being used to cook eggs. However, without a thermometer or other temperature-measuring device, it is not possible to provide an exact temperature.
- processing frame240.jpg...
Q: Identify only the food items visible in the image. Provide a comma-separated list of food items with no additional descriptions or details. Do not repeat any items in your response.
A: 2 eggs, yellow, brown, spices
Q: Identify the main cooking action or stage occurring in the image. Choose one concise label, such as mixing, stirring, whisking, chopping, cutting, pouring, boiling, frying, sautéing, baking, kneading, serving, plating, or no clear cooking action. Return only the action label and nothing else.
A: Mixing
Q: Estimate the approximate temperature of the food or dish shown in the image, in degrees Celsius.
A: The image shows a person preparing a dish, but it is not possible to determine the exact temperature of the food or dish shown in the image. The dish appears to be a mixture of ingredients, possibly a batter or a dough, which would typically be cooked at a high temperature. However, without more information or a clearer view of the dish,
Q: Provide a detailed list of the ingredients of the food in the image. Only include a comma-separated list of items with no additional descriptions for each item in your response.
A: 2 eggs, flour, sugar, cinnamon, baking powder, salt, milk, vanilla extract
Q: Estimate the temperature of the dish in the image
A: The dish in the image appears to be hot, as it is being used to cook an egg. The egg is being cracked into the dish, which suggests that the dish is likely to be hot enough to cook the egg. However, without a thermometer or other temperature-measuring device, it is not possible to provide an exact temperature.
- processing frame260.jpg...
Q: Identify only the food items visible in the image. Provide a comma-separated list of food items with no additional descriptions or details. Do not repeat any items in your response.
A: 2 eggs, yellow, yolk, egg whites, brown sugar, cinnamon, vanilla extract, flour, baking powder, salt, butter, milk, chocolate chips, nuts, eggs, flour, sugar, butter, milk, chocolate chips, nuts
Q: Identify the main cooking action or stage occurring in the image. Choose one concise label, such as mixing, stirring, whisking, chopping, cutting, pouring, boiling, frying, sautéing, baking, kneading, serving, plating, or no clear cooking action. Return only the action label and nothing else.
A: Mixing
Q: Estimate the approximate temperature of the food or dish shown in the image, in degrees Celsius.
A: The image shows a person preparing a dish, specifically cracking an egg into a bowl. The egg is likely to be at room temperature, which is approximately 20 degrees Celsius. However, the temperature of the egg will change as it is being prepared, so it is not possible to determine the exact temperature of the egg
Q: Provide a detailed list of the ingredients of the food in the image. Only include a comma-separated list of items with no additional descriptions for each item in your response.
A: 2 eggs, butter, flour, sugar, cinnamon, nutmeg, vanilla extract, baking powder, salt, milk, chocolate chips
Q: Estimate the temperature of the dish in the image
A: The dish in the image appears to be hot, as the person is using their hands to mix the ingredients. This suggests that the dish is at a temperature that is comfortable for the person to handle without burning their hands. However, without a thermometer or other temperature-measuring device, it is not possible to provide an exact temperature.
- processing frame280.jpg...
Q: Identify only the food items visible in the image. Provide a comma-separated list of food items with no additional descriptions or details. Do not repeat any items in your response.
A: 2 eggs, yellow, yolk, egg whites, brown sugar, cinnamon, vanilla extract, flour, baking powder, salt, butter, milk, eggs, flour, sugar, cinnamon, vanilla extract, butter, milk
Q: Identify the main cooking action or stage occurring in the image. Choose one concise label, such as mixing, stirring, whisking, chopping, cutting, pouring, boiling, frying, sautéing, baking, kneading, serving, plating, or no clear cooking action. Return only the action label and nothing else.
A: Mixing
Q: Estimate the approximate temperature of the food or dish shown in the image, in degrees Celsius.
A: The image shows a fried egg in a bowl, which is likely to be cooked at a temperature of around 160-180 degrees Celsius. This temperature range is typical for frying eggs, as it ensures that the egg whites are cooked through while the yolk remains runny.
Q: Provide a detailed list of the ingredients of the food in the image. Only include a comma-separated list of items with no additional descriptions for each item in your response.
A: 2 eggs, butter, cinnamon, sugar, flour, baking powder, milk, vanilla extract, salt, pepper, chocolate chips, brown sugar, butter, eggs, flour, baking powder, milk, vanilla extract, salt, pepper, chocolate chips, brown sugar, butter, eggs, flour, baking powder, milk, van
Q: Estimate the temperature of the dish in the image
A: The dish in the image appears to be hot, as it contains a fried egg and is placed on a stove. The egg is cooked and the yolk is intact, which suggests that the dish is freshly prepared and served. The temperature of the dish is likely to be around 160°F (71°C), which
- processing frame300.jpg...
Q: Identify only the food items visible in the image. Provide a comma-separated list of food items with no additional descriptions or details. Do not repeat any items in your response.
A: 2 eggs, yellow, egg yolk, brown sugar, cinnamon, vanilla extract, flour, baking powder, salt, butter, milk, eggs, flour, sugar, cinnamon, vanilla extract, butter, milk
Q: Identify the main cooking action or stage occurring in the image. Choose one concise label, such as mixing, stirring, whisking, chopping, cutting, pouring, boiling, frying, sautéing, baking, kneading, serving, plating, or no clear cooking action. Return only the action label and nothing else.
A: Mixing
Q: Estimate the approximate temperature of the food or dish shown in the image, in degrees Celsius.
A: The image shows a bowl of scrambled eggs being prepared on a countertop. The eggs are being cooked in a pan, and the person is adding spices to the eggs. The temperature of the food or dish shown in the image is approximately 160 degrees Celsius. This is the typical cooking temperature for scrambled eggs
Q: Provide a detailed list of the ingredients of the food in the image. Only include a comma-separated list of items with no additional descriptions for each item in your response.
A: 2 eggs, flour, sugar, cinnamon, nutmeg, vanilla extract, milk, butter, brown sugar, chocolate chips, baking powder, baking soda, salt, eggs, flour, sugar, cinnamon, nutmeg, vanilla extract, milk, butter, brown sugar, chocolate chips, baking powder,
Q: Estimate the temperature of the dish in the image
A: The dish in the image appears to be hot, as it is being used to cook an egg. The egg is being cracked into the dish, which suggests that the dish is at a temperature that is suitable for cooking the egg. However, without a thermometer or other temperature-measuring device, it is not possible to provide an exact temperature
- processing frame320.jpg...
Q: Identify only the food items visible in the image. Provide a comma-separated list of food items with no additional descriptions or details. Do not repeat any items in your response.
A: 2 eggs, yellow, bowl, spoon, cinnamon, chocolate chips
Q: Identify the main cooking action or stage occurring in the image. Choose one concise label, such as mixing, stirring, whisking, chopping, cutting, pouring, boiling, frying, sautéing, baking, kneading, serving, plating, or no clear cooking action. Return only the action label and nothing else.
A: Mixing
Q: Estimate the approximate temperature of the food or dish shown in the image, in degrees Celsius.
A: The image shows a person mixing ingredients in a bowl. However, without more information about the specific ingredients or the cooking process, it is not possible to estimate the approximate temperature of the food or dish shown in the image.
Q: Provide a detailed list of the ingredients of the food in the image. Only include a comma-separated list of items with no additional descriptions for each item in your response.
A: 2 eggs, flour, sugar, cinnamon, nutmeg, vanilla extract, butter, milk, chocolate chips
Q: Estimate the temperature of the dish in the image
A: The dish in the image appears to be hot, as it is being prepared with a hot pan and the person is using a hot pan to mix the ingredients. The presence of a hot pan and the person mixing the ingredients with their hands suggests that the dish is being prepared at a high temperature.
- processing frame340.jpg...
Q: Identify only the food items visible in the image. Provide a comma-separated list of food items with no additional descriptions or details. Do not repeat any items in your response.
A: 2 eggs, yellow, 2 eggs, yellow, 2 eggs, yellow, 2 eggs, yellow, 2 eggs, yellow, 2 eggs, yellow, 2 eggs, yellow, 2 eggs, yellow, 2 eggs, yellow, 2 eggs, yellow, 2 eggs, yellow, 2 eggs,
Q: Identify the main cooking action or stage occurring in the image. Choose one concise label, such as mixing, stirring, whisking, chopping, cutting, pouring, boiling, frying, sautéing, baking, kneading, serving, plating, or no clear cooking action. Return only the action label and nothing else.
A: Mixing
Q: Estimate the approximate temperature of the food or dish shown in the image, in degrees Celsius.
A: The image shows a bowl of scrambled eggs on a countertop. The eggs are being cooked, and the temperature of the food is not directly visible in the image. However, the typical temperature for cooking scrambled eggs is around 160-180 degrees Celsius. This temperature range ensures that the eggs are cooked
Q: Provide a detailed list of the ingredients of the food in the image. Only include a comma-separated list of items with no additional descriptions for each item in your response.
A: 2 eggs, butter, cinnamon, sugar, flour, baking powder, milk, vanilla extract
Q: Estimate the temperature of the dish in the image
A: The dish in the image appears to be hot, as it contains eggs that are being cooked. The presence of the person cracking the eggs into the dish also suggests that the dish is being prepared at a high temperature. However, without a thermometer or other temperature-measuring device, it is not possible to provide an exact temperature.
- processing frame360.jpg...
Q: Identify only the food items visible in the image. Provide a comma-separated list of food items with no additional descriptions or details. Do not repeat any items in your response.
A: yellow, eggs, chocolate chips, flour, sugar, butter, vanilla extract, baking powder, baking soda, salt, eggs, flour, sugar, butter, vanilla extract, baking powder, baking soda, salt, eggs, flour, sugar, butter, vanilla extract, baking powder, baking soda, salt, eggs
Q: Identify the main cooking action or stage occurring in the image. Choose one concise label, such as mixing, stirring, whisking, chopping, cutting, pouring, boiling, frying, sautéing, baking, kneading, serving, plating, or no clear cooking action. Return only the action label and nothing else.
A: Mixing
Q: Estimate the approximate temperature of the food or dish shown in the image, in degrees Celsius.
A: It is not possible to accurately estimate the temperature of the food or dish shown in the image, as it is a still image and does not provide any information about the temperature.
Q: Provide a detailed list of the ingredients of the food in the image. Only include a comma-separated list of items with no additional descriptions for each item in your response.
A: 
Q: Estimate the temperature of the dish in the image
A: The dish in the image appears to be hot, as it is being stirred by a person's hands. The person is mixing the contents of the dish, which suggests that the dish is at a temperature that allows for mixing without causing discomfort or burns. However, without a thermometer or other temperature-measuring device, it
- processing frame380.jpg...
Q: Identify only the food items visible in the image. Provide a comma-separated list of food items with no additional descriptions or details. Do not repeat any items in your response.
A: yellow, eggs, chocolate chips, flour, sugar, butter, vanilla extract, baking powder, baking soda, salt, milk, eggs, flour, sugar, butter, vanilla extract, baking powder, baking soda, salt, milk, eggs, flour, sugar, butter, vanilla extract, baking powder, baking soda
Q: Identify the main cooking action or stage occurring in the image. Choose one concise label, such as mixing, stirring, whisking, chopping, cutting, pouring, boiling, frying, sautéing, baking, kneading, serving, plating, or no clear cooking action. Return only the action label and nothing else.
A: Mixing
Q: Estimate the approximate temperature of the food or dish shown in the image, in degrees Celsius.
A: It is not possible to accurately estimate the temperature of the food or dish shown in the image, as it is not possible to determine the temperature of the food just by looking at the image. The temperature of the food would depend on various factors such as the cooking method, the time the food has been cooked, and the specific ingredients used
Q: Provide a detailed list of the ingredients of the food in the image. Only include a comma-separated list of items with no additional descriptions for each item in your response.
A: 
Q: Estimate the temperature of the dish in the image
A: The dish in the image appears to be hot, as it is being prepared and the person is using a spoon to mix the contents. However, without a thermometer or other temperature-measuring device, it is not possible to provide an exact temperature estimate.
- processing frame400.jpg...
Q: Identify only the food items visible in the image. Provide a comma-separated list of food items with no additional descriptions or details. Do not repeat any items in your response.
A: banana, chocolate chips, cinnamon, eggs, flour, sugar
Q: Identify the main cooking action or stage occurring in the image. Choose one concise label, such as mixing, stirring, whisking, chopping, cutting, pouring, boiling, frying, sautéing, baking, kneading, serving, plating, or no clear cooking action. Return only the action label and nothing else.
A: Mixing
Q: Estimate the approximate temperature of the food or dish shown in the image, in degrees Celsius.
A: It is not possible to accurately estimate the temperature of the food or dish shown in the image, as there is no direct indication of the temperature. However, the presence of a yellow sauce or mixture being prepared suggests that it might be a hot or warm dish. If the dish is being cooked on a stove or in an oven, the
Q: Provide a detailed list of the ingredients of the food in the image. Only include a comma-separated list of items with no additional descriptions for each item in your response.
A: 
Q: Estimate the temperature of the dish in the image
A: The dish in the image appears to be hot, as it is being prepared and the person is mixing the ingredients. However, it is not possible to accurately estimate the temperature of the dish just by looking at the image.
- processing frame420.jpg...
Q: Identify only the food items visible in the image. Provide a comma-separated list of food items with no additional descriptions or details. Do not repeat any items in your response.
A: yellow sauce, egg
Q: Identify the main cooking action or stage occurring in the image. Choose one concise label, such as mixing, stirring, whisking, chopping, cutting, pouring, boiling, frying, sautéing, baking, kneading, serving, plating, or no clear cooking action. Return only the action label and nothing else.
A: Mixing
Q: Estimate the approximate temperature of the food or dish shown in the image, in degrees Celsius.
A: Based on the image, it is not possible to accurately estimate the temperature of the food or dish shown. The image only provides visual information, and there are no indicators of temperature, such as steam or heat waves, that would allow for an accurate temperature estimation.
Q: Provide a detailed list of the ingredients of the food in the image. Only include a comma-separated list of items with no additional descriptions for each item in your response.
A: 
Q: Estimate the temperature of the dish in the image
A: The image shows a yellow substance in a dish, and it appears to be hot. However, without a thermometer or other temperature-measuring device, it is not possible to accurately estimate the temperature of the dish. It is important to handle hot dishes carefully to avoid burns.
- processing frame440.jpg...
Q: Identify only the food items visible in the image. Provide a comma-separated list of food items with no additional descriptions or details. Do not repeat any items in your response.
A: yellow, egg, batter, cake, flour, sugar, milk, butter, vanilla, baking powder, baking soda, salt, pepper, onion, garlic, tomato, lettuce, carrot, celery, cucumber, bell pepper, zucchini, eggplant, mushroom, spinach, k
Q: Identify the main cooking action or stage occurring in the image. Choose one concise label, such as mixing, stirring, whisking, chopping, cutting, pouring, boiling, frying, sautéing, baking, kneading, serving, plating, or no clear cooking action. Return only the action label and nothing else.
A: Mixing
Q: Estimate the approximate temperature of the food or dish shown in the image, in degrees Celsius.
A: Based on the image, it is not possible to accurately estimate the temperature of the food or dish shown. The image only provides visual information, and there are no indicators of temperature, such as steam or heat waves, that would allow for an accurate temperature estimation.
Q: Provide a detailed list of the ingredients of the food in the image. Only include a comma-separated list of items with no additional descriptions for each item in your response.
A: 
Q: Estimate the temperature of the dish in the image
A: The image shows a yellow dish with a hand stirring it. The dish appears to be hot, as indicated by the steam rising from it. However, without a thermometer or other temperature-measuring device, it is not possible to accurately estimate the temperature of the dish.
- processing frame460.jpg...
Q: Identify only the food items visible in the image. Provide a comma-separated list of food items with no additional descriptions or details. Do not repeat any items in your response.
A: yellow, egg, batter, whisk
Q: Identify the main cooking action or stage occurring in the image. Choose one concise label, such as mixing, stirring, whisking, chopping, cutting, pouring, boiling, frying, sautéing, baking, kneading, serving, plating, or no clear cooking action. Return only the action label and nothing else.
A: Mixing
Q: Estimate the approximate temperature of the food or dish shown in the image, in degrees Celsius.
A: Based on the image, it is not possible to accurately estimate the temperature of the food or dish shown. The image only provides visual information, and there are no indicators of temperature, such as steam or heat waves, that would allow for an accurate temperature estimation.
Q: Provide a detailed list of the ingredients of the food in the image. Only include a comma-separated list of items with no additional descriptions for each item in your response.
A: 
Q: Estimate the temperature of the dish in the image
A: The image shows a dish with a yellow substance, possibly a sauce or a dessert, being prepared. The dish is being stirred with a whisk, which suggests that it is being cooked or mixed. However, it is not possible to accurately estimate the temperature of the dish just by looking at the image. The temperature would depend on the cooking method
- processing frame480.jpg...
Q: Identify only the food items visible in the image. Provide a comma-separated list of food items with no additional descriptions or details. Do not repeat any items in your response.
A: vanilla, egg, sugar, flour, cinnamon, chocolate chips, butter, milk, vanilla extract
Q: Identify the main cooking action or stage occurring in the image. Choose one concise label, such as mixing, stirring, whisking, chopping, cutting, pouring, boiling, frying, sautéing, baking, kneading, serving, plating, or no clear cooking action. Return only the action label and nothing else.
A: Mixing
Q: Estimate the approximate temperature of the food or dish shown in the image, in degrees Celsius.
A: The image shows a person mixing a yellow substance, which appears to be a batter or dough, in a bowl. The temperature of the food or dish shown in the image is not directly visible, but it is likely that the batter or dough is at room temperature, which is approximately 20 degrees Celsius. This is a reasonable estimate,
Q: Provide a detailed list of the ingredients of the food in the image. Only include a comma-separated list of items with no additional descriptions for each item in your response.
A: 1 tsp vanilla, 1 egg, 1 cup flour, 1 cup sugar, 1/2 cup butter, 1/2 cup milk, 1 tsp baking powder, 1/2 tsp salt, 1/2 tsp cinnamon
Q: Estimate the temperature of the dish in the image
A: The image shows a person mixing a yellow substance, which appears to be a batter or dough, in a bowl. The temperature of the dish cannot be accurately estimated from the image alone, as it would require a thermometer to measure the temperature. However, the fact that the person is mixing the substance suggests that it is at a temperature that allows for
- processing frame500.jpg...
Q: Identify only the food items visible in the image. Provide a comma-separated list of food items with no additional descriptions or details. Do not repeat any items in your response.
A: yellow soup, chocolate chips, cinnamon
Q: Identify the main cooking action or stage occurring in the image. Choose one concise label, such as mixing, stirring, whisking, chopping, cutting, pouring, boiling, frying, sautéing, baking, kneading, serving, plating, or no clear cooking action. Return only the action label and nothing else.
A: Mixing
Q: Estimate the approximate temperature of the food or dish shown in the image, in degrees Celsius.
A: The image shows a bowl of soup or a similar dish, which is likely to be hot. However, without a thermometer or other temperature-measuring device, it is not possible to accurately estimate the temperature of the food in the image.
Q: Provide a detailed list of the ingredients of the food in the image. Only include a comma-separated list of items with no additional descriptions for each item in your response.
A: 
Q: Estimate the temperature of the dish in the image
A: The dish in the image appears to be hot, as it is described as a "hot dish" and is served in a bowl. However, without a thermometer or other temperature-measuring device, it is not possible to provide an exact temperature.
- processing frame520.jpg...
Q: Identify only the food items visible in the image. Provide a comma-separated list of food items with no additional descriptions or details. Do not repeat any items in your response.
A: yellow, eggs, chocolate chips, flour, sugar, butter, vanilla extract, baking powder, baking soda, salt, pepper, onions, garlic, tomatoes, lettuce, carrots, celery, cucumbers, bell peppers, zucchini, eggplant, mushrooms, spinach
Q: Identify the main cooking action or stage occurring in the image. Choose one concise label, such as mixing, stirring, whisking, chopping, cutting, pouring, boiling, frying, sautéing, baking, kneading, serving, plating, or no clear cooking action. Return only the action label and nothing else.
A: Mixing
Q: Estimate the approximate temperature of the food or dish shown in the image, in degrees Celsius.
A: It is not possible to accurately estimate the temperature of the food or dish shown in the image, as there is no direct indication of the temperature. However, the presence of a yellow liquid and the fact that it is being mixed by hand suggests that it could be a warm or hot dish, possibly a soup or a sauce. The temperature
Q: Provide a detailed list of the ingredients of the food in the image. Only include a comma-separated list of items with no additional descriptions for each item in your response.
A: 
Q: Estimate the temperature of the dish in the image
A: It is not possible to accurately estimate the temperature of the dish in the image. However, the dish appears to be hot, as it is being prepared and the person is mixing it.
- processing frame540.jpg...
Q: Identify only the food items visible in the image. Provide a comma-separated list of food items with no additional descriptions or details. Do not repeat any items in your response.
A: egg, cheese
Q: Identify the main cooking action or stage occurring in the image. Choose one concise label, such as mixing, stirring, whisking, chopping, cutting, pouring, boiling, frying, sautéing, baking, kneading, serving, plating, or no clear cooking action. Return only the action label and nothing else.
A: Mixing
Q: Estimate the approximate temperature of the food or dish shown in the image, in degrees Celsius.
A: Based on the image, it is not possible to accurately estimate the temperature of the food or dish shown. The image only provides visual information, and there are no indicators of temperature, such as steam or heat waves, that would allow for an accurate temperature estimation.
Q: Provide a detailed list of the ingredients of the food in the image. Only include a comma-separated list of items with no additional descriptions for each item in your response.
A: 
Q: Estimate the temperature of the dish in the image
A: It is not possible to accurately estimate the temperature of the dish in the image. The image shows a person mixing a yellow substance in a bowl, but there is no visible indication of the temperature of the dish. To estimate the temperature, one would need to use a thermometer or other temperature-measuring device, which is not
- processing frame560.jpg...
Q: Identify only the food items visible in the image. Provide a comma-separated list of food items with no additional descriptions or details. Do not repeat any items in your response.
A: yellow, egg, yolk, whisk
Q: Identify the main cooking action or stage occurring in the image. Choose one concise label, such as mixing, stirring, whisking, chopping, cutting, pouring, boiling, frying, sautéing, baking, kneading, serving, plating, or no clear cooking action. Return only the action label and nothing else.
A: Mixing
Q: Estimate the approximate temperature of the food or dish shown in the image, in degrees Celsius.
A: It is not possible to accurately estimate the temperature of the food or dish shown in the image, as it is a still image and does not provide any information about the temperature.
Q: Provide a detailed list of the ingredients of the food in the image. Only include a comma-separated list of items with no additional descriptions for each item in your response.
A: 
Q: Estimate the temperature of the dish in the image
A: The image shows a yellow dish with a spoon in it, and it appears to be hot. However, without a thermometer or other temperature-measuring device, it is not possible to accurately estimate the temperature of the dish. It is important to handle hot dishes carefully to avoid burns.
- processing frame580.jpg...
Q: Identify only the food items visible in the image. Provide a comma-separated list of food items with no additional descriptions or details. Do not repeat any items in your response.
A: Egg,  Egg
Q: Identify the main cooking action or stage occurring in the image. Choose one concise label, such as mixing, stirring, whisking, chopping, cutting, pouring, boiling, frying, sautéing, baking, kneading, serving, plating, or no clear cooking action. Return only the action label and nothing else.
A: Mixing
Q: Estimate the approximate temperature of the food or dish shown in the image, in degrees Celsius.
A: Based on the image, it is difficult to accurately estimate the temperature of the food or dish shown. However, the dish appears to be hot, possibly freshly cooked or served. A reasonable estimate for the temperature of the dish could be around 60-70 degrees Celsius.
Q: Provide a detailed list of the ingredients of the food in the image. Only include a comma-separated list of items with no additional descriptions for each item in your response.
A: 
Q: Estimate the temperature of the dish in the image
A: The image shows a dish of scrambled eggs, which is a common breakfast food. The eggs are cooked and have a yellowish color, indicating that they are cooked to a medium to well-done stage. The temperature of the dish would be around 160°F (71°C), which is the safe internal temperature for
- processing frame600.jpg...
Q: Identify only the food items visible in the image. Provide a comma-separated list of food items with no additional descriptions or details. Do not repeat any items in your response.
A: yellow liquid, chocolate chips, spices
Q: Identify the main cooking action or stage occurring in the image. Choose one concise label, such as mixing, stirring, whisking, chopping, cutting, pouring, boiling, frying, sautéing, baking, kneading, serving, plating, or no clear cooking action. Return only the action label and nothing else.
A: Mixing
Q: Estimate the approximate temperature of the food or dish shown in the image, in degrees Celsius.
A: Based on the image, it is not possible to accurately estimate the temperature of the food or dish shown. The image only provides visual information, and there are no indicators of temperature, such as steam or heat waves, that would allow for an accurate temperature estimation.
Q: Provide a detailed list of the ingredients of the food in the image. Only include a comma-separated list of items with no additional descriptions for each item in your response.
A: 
Q: Estimate the temperature of the dish in the image
A: The dish in the image appears to be hot, as it is described as a "hot dish" and is placed on a stove. However, without a thermometer or other temperature-measuring device, it is not possible to provide an exact temperature.
- processing frame620.jpg...
Q: Identify only the food items visible in the image. Provide a comma-separated list of food items with no additional descriptions or details. Do not repeat any items in your response.
A: 
Q: Identify the main cooking action or stage occurring in the image. Choose one concise label, such as mixing, stirring, whisking, chopping, cutting, pouring, boiling, frying, sautéing, baking, kneading, serving, plating, or no clear cooking action. Return only the action label and nothing else.
A: Mixing
Q: Estimate the approximate temperature of the food or dish shown in the image, in degrees Celsius.
A: It is not possible to accurately estimate the temperature of the food or dish shown in the image, as there is no direct indication of the temperature. However, the image shows a person mixing a substance in a bowl, which could be a hot or cold mixture. The presence of a spoon and a cup suggests that the mixture is being prepared
Q: Provide a detailed list of the ingredients of the food in the image. Only include a comma-separated list of items with no additional descriptions for each item in your response.
A: 3/4 cup cocoa powder
Q: Estimate the temperature of the dish in the image
A: The image shows a person mixing a substance in a dish, which appears to be a cocoa powder. The temperature of the dish cannot be accurately estimated from the image alone, as it does not provide any information about the heat source or the surrounding environment. However, it is reasonable to assume that the dish is at room temperature, as the person
- processing frame640.jpg...
Q: Identify only the food items visible in the image. Provide a comma-separated list of food items with no additional descriptions or details. Do not repeat any items in your response.
A: cocoa powder, chocolate, cinnamon, sugar, vanilla extract
Q: Identify the main cooking action or stage occurring in the image. Choose one concise label, such as mixing, stirring, whisking, chopping, cutting, pouring, boiling, frying, sautéing, baking, kneading, serving, plating, or no clear cooking action. Return only the action label and nothing else.
A: Mixing
Q: Estimate the approximate temperature of the food or dish shown in the image, in degrees Celsius.
A: Based on the image, it is not possible to accurately estimate the temperature of the food or dish shown. The image only provides visual information about the dish, but does not provide any direct or indirect indicators of temperature.
Q: Provide a detailed list of the ingredients of the food in the image. Only include a comma-separated list of items with no additional descriptions for each item in your response.
A: 3/4 cup cocoa powder, 1/4 cup sugar, 1/4 cup flour, 1/4 cup cinnamon, 1/4 cup baking powder, 1/4 cup salt, 1/4 cup vanilla extract, 1/4 cup vegetable oil, 1/4
Q: Estimate the temperature of the dish in the image
A: The dish in the image is a cocoa powder mixture, which is being stirred by a hand. The temperature of the dish cannot be accurately estimated from the image alone, as it does not provide any information about the heat source or the time the mixture has been stirring. However, it is likely that the mixture is at room temperature,
- processing frame660.jpg...
Q: Identify only the food items visible in the image. Provide a comma-separated list of food items with no additional descriptions or details. Do not repeat any items in your response.
A: 
Q: Identify the main cooking action or stage occurring in the image. Choose one concise label, such as mixing, stirring, whisking, chopping, cutting, pouring, boiling, frying, sautéing, baking, kneading, serving, plating, or no clear cooking action. Return only the action label and nothing else.
A: Mixing
Q: Estimate the approximate temperature of the food or dish shown in the image, in degrees Celsius.
A: Based on the image, it is not possible to accurately estimate the temperature of the food or dish shown. The dish appears to be a mixture of spices, and the temperature would depend on the specific ingredients and cooking method used. However, if we consider that the dish is being prepared on a stove, it is likely that the temperature
Q: Provide a detailed list of the ingredients of the food in the image. Only include a comma-separated list of items with no additional descriptions for each item in your response.
A: 1/2 cup flour, 1/2 cup sugar, 1/2 cup cocoa powder, 1/2 cup baking powder, 1/2 cup salt, 1/2 cup butter, 1/2 cup milk, 1/2 cup eggs, 1/2 cup vanilla extract
Q: Estimate the temperature of the dish in the image
A: The dish in the image appears to be hot, as it is being used to make a hot beverage. However, without a thermometer or other temperature-measuring device, it is not possible to accurately estimate the temperature of the dish.
- processing frame680.jpg...
Q: Identify only the food items visible in the image. Provide a comma-separated list of food items with no additional descriptions or details. Do not repeat any items in your response.
A: 
Q: Identify the main cooking action or stage occurring in the image. Choose one concise label, such as mixing, stirring, whisking, chopping, cutting, pouring, boiling, frying, sautéing, baking, kneading, serving, plating, or no clear cooking action. Return only the action label and nothing else.
A: Mixing
Q: Estimate the approximate temperature of the food or dish shown in the image, in degrees Celsius.
A: It is not possible to accurately estimate the temperature of the food or dish shown in the image, as there is no direct indication of the temperature. However, the presence of a person's hand in the image suggests that the food is at a temperature that is safe for handling. This could range from room temperature to slightly warm.
Q: Provide a detailed list of the ingredients of the food in the image. Only include a comma-separated list of items with no additional descriptions for each item in your response.
A: 
Q: Estimate the temperature of the dish in the image
A: The dish in the image is a bowl of flour, and it is being used to make a cake. The temperature of the flour is not directly visible in the image. However, it is generally recommended to use room temperature flour when baking. Room temperature flour is typically between 65°F and 70°F (18°C
- processing frame700.jpg...
Q: Identify only the food items visible in the image. Provide a comma-separated list of food items with no additional descriptions or details. Do not repeat any items in your response.
A: 
Q: Identify the main cooking action or stage occurring in the image. Choose one concise label, such as mixing, stirring, whisking, chopping, cutting, pouring, boiling, frying, sautéing, baking, kneading, serving, plating, or no clear cooking action. Return only the action label and nothing else.
A: Baking
Q: Estimate the approximate temperature of the food or dish shown in the image, in degrees Celsius.
A: It is not possible to accurately estimate the temperature of the food or dish shown in the image, as it is a still image and does not provide any visual cues that would allow for a precise temperature estimation.
Q: Provide a detailed list of the ingredients of the food in the image. Only include a comma-separated list of items with no additional descriptions for each item in your response.
A: 
Q: Estimate the temperature of the dish in the image
A: The dish in the image is a baking dish containing a mixture of ingredients, which is being prepared for baking. The temperature of the dish cannot be accurately estimated from the image alone, as it would depend on the specific recipe being used and the oven's temperature settings. However, it is common for baking dishes to be placed in an oven that is
- processing frame720.jpg...
Q: Identify only the food items visible in the image. Provide a comma-separated list of food items with no additional descriptions or details. Do not repeat any items in your response.
A: 
Q: Identify the main cooking action or stage occurring in the image. Choose one concise label, such as mixing, stirring, whisking, chopping, cutting, pouring, boiling, frying, sautéing, baking, kneading, serving, plating, or no clear cooking action. Return only the action label and nothing else.
A: Baking
Q: Estimate the approximate temperature of the food or dish shown in the image, in degrees Celsius.
A: It is not possible to accurately estimate the temperature of the food or dish shown in the image, as it is a still image and does not provide any visual cues that would allow for a precise temperature estimation.
Q: Provide a detailed list of the ingredients of the food in the image. Only include a comma-separated list of items with no additional descriptions for each item in your response.
A: 
Q: Estimate the temperature of the dish in the image
A: The dish in the image is a baking dish containing baking powder and flour. It is placed on a marble countertop. The temperature of the dish cannot be accurately estimated from the image alone, as it is not in direct contact with a heat source. However, the baking powder and flour are typically used at room temperature, which is around 68
- processing frame740.jpg...
Q: Identify only the food items visible in the image. Provide a comma-separated list of food items with no additional descriptions or details. Do not repeat any items in your response.
A: 
Q: Identify the main cooking action or stage occurring in the image. Choose one concise label, such as mixing, stirring, whisking, chopping, cutting, pouring, boiling, frying, sautéing, baking, kneading, serving, plating, or no clear cooking action. Return only the action label and nothing else.
A: Mixing
Q: Estimate the approximate temperature of the food or dish shown in the image, in degrees Celsius.
A: It is not possible to accurately estimate the temperature of the food or dish shown in the image, as it is not possible to determine the temperature of the dish without additional information or context.
Q: Provide a detailed list of the ingredients of the food in the image. Only include a comma-separated list of items with no additional descriptions for each item in your response.
A: 
Q: Estimate the temperature of the dish in the image
A: The dish in the image appears to be hot, as it is described as a "hot dish" and the ingredients are being prepared. However, without a thermometer or other temperature-measuring device, it is not possible to provide an exact temperature estimate.
- processing frame760.jpg...
Q: Identify only the food items visible in the image. Provide a comma-separated list of food items with no additional descriptions or details. Do not repeat any items in your response.
A: 
Q: Identify the main cooking action or stage occurring in the image. Choose one concise label, such as mixing, stirring, whisking, chopping, cutting, pouring, boiling, frying, sautéing, baking, kneading, serving, plating, or no clear cooking action. Return only the action label and nothing else.
A: Mixing
Q: Estimate the approximate temperature of the food or dish shown in the image, in degrees Celsius.
A: It is not possible to accurately estimate the temperature of the food or dish shown in the image, as there is no direct indication of the temperature. However, the presence of sugar and spices suggests that the dish may be warm or hot, but without additional information, it is impossible to provide an accurate temperature estimate.
Q: Provide a detailed list of the ingredients of the food in the image. Only include a comma-separated list of items with no additional descriptions for each item in your response.
A: 
Q: Estimate the temperature of the dish in the image
A: The dish in the image appears to be hot, as it is being stirred with a spoon. However, it is not possible to accurately estimate the temperature of the dish just by looking at the image.
- processing frame780.jpg...
Q: Identify only the food items visible in the image. Provide a comma-separated list of food items with no additional descriptions or details. Do not repeat any items in your response.
A: rice, beans, spices
Q: Identify the main cooking action or stage occurring in the image. Choose one concise label, such as mixing, stirring, whisking, chopping, cutting, pouring, boiling, frying, sautéing, baking, kneading, serving, plating, or no clear cooking action. Return only the action label and nothing else.
A: Mixing
Q: Estimate the approximate temperature of the food or dish shown in the image, in degrees Celsius.
A: It is not possible to accurately estimate the temperature of the food or dish shown in the image, as there is no direct indication of the temperature. However, the presence of rice and spices suggests that the dish is likely to be hot, possibly cooked or freshly prepared.
Q: Provide a detailed list of the ingredients of the food in the image. Only include a comma-separated list of items with no additional descriptions for each item in your response.
A: 
Q: Estimate the temperature of the dish in the image
A: The dish in the image appears to be hot, as it is being stirred by a person's hand. However, it is not possible to accurately estimate the temperature of the dish just by looking at the image.
- processing frame800.jpg...
Q: Identify only the food items visible in the image. Provide a comma-separated list of food items with no additional descriptions or details. Do not repeat any items in your response.
A: 
Q: Identify the main cooking action or stage occurring in the image. Choose one concise label, such as mixing, stirring, whisking, chopping, cutting, pouring, boiling, frying, sautéing, baking, kneading, serving, plating, or no clear cooking action. Return only the action label and nothing else.
A: Mixing
Q: Estimate the approximate temperature of the food or dish shown in the image, in degrees Celsius.
A: It is not possible to accurately estimate the temperature of the food or dish shown in the image, as it is not a direct measurement of temperature. However, the presence of sugar and the fact that it is being mixed in a blender suggests that the temperature is likely to be room temperature or slightly warmer, as sugar dissolves more
Q: Provide a detailed list of the ingredients of the food in the image. Only include a comma-separated list of items with no additional descriptions for each item in your response.
A: 
Q: Estimate the temperature of the dish in the image
A: The image shows a dish with a substance that appears to be hot, as it is being poured into a glass. However, without a thermometer or other temperature-measuring device, it is not possible to accurately estimate the temperature of the dish.
- processing frame820.jpg...
Q: Identify only the food items visible in the image. Provide a comma-separated list of food items with no additional descriptions or details. Do not repeat any items in your response.
A: 
Q: Identify the main cooking action or stage occurring in the image. Choose one concise label, such as mixing, stirring, whisking, chopping, cutting, pouring, boiling, frying, sautéing, baking, kneading, serving, plating, or no clear cooking action. Return only the action label and nothing else.
A: Mixing
Q: Estimate the approximate temperature of the food or dish shown in the image, in degrees Celsius.
A: It is not possible to accurately estimate the temperature of the food or dish shown in the image, as there is not enough information to determine the temperature. The image only shows a close-up of a glass jar filled with a brown substance, which could be a variety of food items or dishes. To estimate the temperature, one would need
Q: Provide a detailed list of the ingredients of the food in the image. Only include a comma-separated list of items with no additional descriptions for each item in your response.
A: 
Q: Estimate the temperature of the dish in the image
A: It is difficult to accurately estimate the temperature of the dish in the image without additional context or information. However, the presence of sugar and the fact that it is being stirred suggests that the dish is likely to be hot or warm. The temperature could range from 100°C to 150°C, depending
- processing frame840.jpg...
Q: Identify only the food items visible in the image. Provide a comma-separated list of food items with no additional descriptions or details. Do not repeat any items in your response.
A: 
Q: Identify the main cooking action or stage occurring in the image. Choose one concise label, such as mixing, stirring, whisking, chopping, cutting, pouring, boiling, frying, sautéing, baking, kneading, serving, plating, or no clear cooking action. Return only the action label and nothing else.
A: Mixing
Q: Estimate the approximate temperature of the food or dish shown in the image, in degrees Celsius.
A: It is not possible to accurately estimate the temperature of the food or dish shown in the image, as there is no direct indication of the temperature. However, the presence of a spoon and a bowl suggests that the dish is likely to be served at room temperature or slightly warm.
Q: Provide a detailed list of the ingredients of the food in the image. Only include a comma-separated list of items with no additional descriptions for each item in your response.
A: 
Q: Estimate the temperature of the dish in the image
A: It is not possible to accurately estimate the temperature of the dish in the image. The dish appears to be hot, but without a thermometer or other temperature-measuring device, it is impossible to determine the exact temperature.
- processing frame860.jpg...
Q: Identify only the food items visible in the image. Provide a comma-separated list of food items with no additional descriptions or details. Do not repeat any items in your response.
A: 
Q: Identify the main cooking action or stage occurring in the image. Choose one concise label, such as mixing, stirring, whisking, chopping, cutting, pouring, boiling, frying, sautéing, baking, kneading, serving, plating, or no clear cooking action. Return only the action label and nothing else.
A: Mixing
Q: Estimate the approximate temperature of the food or dish shown in the image, in degrees Celsius.
A: It is not possible to accurately estimate the temperature of the food or dish shown in the image, as there is no direct indication of the temperature. However, the presence of a spoon and a bowl suggests that the dish is likely to be served at room temperature or slightly warm.
Q: Provide a detailed list of the ingredients of the food in the image. Only include a comma-separated list of items with no additional descriptions for each item in your response.
A: 
Q: Estimate the temperature of the dish in the image
A: It is not possible to accurately estimate the temperature of the dish in the image. The dish appears to be hot, but without a thermometer or other temperature-measuring device, it is impossible to determine the exact temperature.
- processing frame880.jpg...
Q: Identify only the food items visible in the image. Provide a comma-separated list of food items with no additional descriptions or details. Do not repeat any items in your response.
A: 
Q: Identify the main cooking action or stage occurring in the image. Choose one concise label, such as mixing, stirring, whisking, chopping, cutting, pouring, boiling, frying, sautéing, baking, kneading, serving, plating, or no clear cooking action. Return only the action label and nothing else.
A: Mixing
Q: Estimate the approximate temperature of the food or dish shown in the image, in degrees Celsius.
A: It is not possible to accurately estimate the temperature of the food or dish shown in the image, as there is no direct indication of the temperature. However, the presence of a spoon and a bowl suggests that the dish is likely to be served at room temperature or slightly warm.
Q: Provide a detailed list of the ingredients of the food in the image. Only include a comma-separated list of items with no additional descriptions for each item in your response.
A: 
Q: Estimate the temperature of the dish in the image
A: It is not possible to accurately estimate the temperature of the dish in the image. The image shows a person mixing a dish, but there is no visible indication of the temperature, such as steam or heat waves. To estimate the temperature, one would need additional information or a thermometer.
- processing frame900.jpg...
Q: Identify only the food items visible in the image. Provide a comma-separated list of food items with no additional descriptions or details. Do not repeat any items in your response.
A: 
Q: Identify the main cooking action or stage occurring in the image. Choose one concise label, such as mixing, stirring, whisking, chopping, cutting, pouring, boiling, frying, sautéing, baking, kneading, serving, plating, or no clear cooking action. Return only the action label and nothing else.
A: Mixing
Q: Estimate the approximate temperature of the food or dish shown in the image, in degrees Celsius.
A: It is not possible to accurately estimate the temperature of the food or dish shown in the image, as there is no clear indication of the temperature. The image only shows a person mixing a dark substance in a bowl, but there are no visible temperature indicators such as steam, heat waves, or a thermometer.
Q: Provide a detailed list of the ingredients of the food in the image. Only include a comma-separated list of items with no additional descriptions for each item in your response.
A: 
Q: Estimate the temperature of the dish in the image
A: It is not possible to accurately estimate the temperature of the dish in the image. The image shows a person mixing something in a bowl, but there is no visible indication of the temperature, such as steam or heat waves. To estimate the temperature, one would need additional information or a thermometer.
- processing frame920.jpg...
Q: Identify only the food items visible in the image. Provide a comma-separated list of food items with no additional descriptions or details. Do not repeat any items in your response.
A: cocoa powder, cinnamon, cocoa mix, cocoa powder, cocoa mix
Q: Identify the main cooking action or stage occurring in the image. Choose one concise label, such as mixing, stirring, whisking, chopping, cutting, pouring, boiling, frying, sautéing, baking, kneading, serving, plating, or no clear cooking action. Return only the action label and nothing else.
A: Mixing
Q: Estimate the approximate temperature of the food or dish shown in the image, in degrees Celsius.
A: It is not possible to accurately estimate the temperature of the food or dish shown in the image, as there is no direct indication of the temperature. However, the image shows a bowl of chocolate batter being mixed with a spoon, and the presence of cocoa powder and spices suggests that the mixture is likely to be heated or cooked
Q: Provide a detailed list of the ingredients of the food in the image. Only include a comma-separated list of items with no additional descriptions for each item in your response.
A: 
Q: Estimate the temperature of the dish in the image
A: The dish in the image appears to be hot, as it is being stirred with a spoon. However, it is not possible to accurately estimate the temperature of the dish just by looking at the image.
- processing frame940.jpg...
Q: Identify only the food items visible in the image. Provide a comma-separated list of food items with no additional descriptions or details. Do not repeat any items in your response.
A: 
Q: Identify the main cooking action or stage occurring in the image. Choose one concise label, such as mixing, stirring, whisking, chopping, cutting, pouring, boiling, frying, sautéing, baking, kneading, serving, plating, or no clear cooking action. Return only the action label and nothing else.
A: No clear cooking action
Q: Estimate the approximate temperature of the food or dish shown in the image, in degrees Celsius.
A: It is not possible to accurately estimate the temperature of the food or dish shown in the image, as the image is blurry and lacks clear visual cues that would allow for a precise temperature estimation.
Q: Provide a detailed list of the ingredients of the food in the image. Only include a comma-separated list of items with no additional descriptions for each item in your response.
A: 
Q: Estimate the temperature of the dish in the image
A: The image is too blurry to accurately estimate the temperature of the dish.
- processing frame960.jpg...
Q: Identify only the food items visible in the image. Provide a comma-separated list of food items with no additional descriptions or details. Do not repeat any items in your response.
A: 
Q: Identify the main cooking action or stage occurring in the image. Choose one concise label, such as mixing, stirring, whisking, chopping, cutting, pouring, boiling, frying, sautéing, baking, kneading, serving, plating, or no clear cooking action. Return only the action label and nothing else.
A: Mixing
Q: Estimate the approximate temperature of the food or dish shown in the image, in degrees Celsius.
A: It is not possible to accurately estimate the temperature of the food or dish shown in the image, as there is no direct indication of the temperature. The image only shows a person holding an empty bowl, with some ingredients nearby, such as a spoon and a bowl of spices.
Q: Provide a detailed list of the ingredients of the food in the image. Only include a comma-separated list of items with no additional descriptions for each item in your response.
A: 
Q: Estimate the temperature of the dish in the image
A: It is not possible to accurately estimate the temperature of the dish in the image. The dish appears to be a bowl of food, but without any additional context or information, it is impossible to determine the temperature of the dish.
- processing frame980.jpg...
Q: Identify only the food items visible in the image. Provide a comma-separated list of food items with no additional descriptions or details. Do not repeat any items in your response.
A: 
Q: Identify the main cooking action or stage occurring in the image. Choose one concise label, such as mixing, stirring, whisking, chopping, cutting, pouring, boiling, frying, sautéing, baking, kneading, serving, plating, or no clear cooking action. Return only the action label and nothing else.
A: No clear cooking action
Q: Estimate the approximate temperature of the food or dish shown in the image, in degrees Celsius.
A: It is not possible to accurately estimate the temperature of the food or dish shown in the image, as there is no direct indication of the temperature. However, the presence of a bowl of food and a spoon suggests that the food is likely to be served at a temperature that is comfortable for consumption, which is typically around 20-
Q: Provide a detailed list of the ingredients of the food in the image. Only include a comma-separated list of items with no additional descriptions for each item in your response.
A: 
Q: Estimate the temperature of the dish in the image
A: The dish in the image appears to be hot, as it is described as a "hot dish." However, without a thermometer or other temperature-measuring device, it is not possible to provide an exact temperature.
- processing frame1000.jpg...
Q: Identify only the food items visible in the image. Provide a comma-separated list of food items with no additional descriptions or details. Do not repeat any items in your response.
A: 
Q: Identify the main cooking action or stage occurring in the image. Choose one concise label, such as mixing, stirring, whisking, chopping, cutting, pouring, boiling, frying, sautéing, baking, kneading, serving, plating, or no clear cooking action. Return only the action label and nothing else.
A: Mixing
Q: Estimate the approximate temperature of the food or dish shown in the image, in degrees Celsius.
A: It is not possible to accurately estimate the temperature of the food or dish shown in the image, as there is no direct indication of the temperature. However, the presence of a person stirring the food suggests that it is likely to be hot or warm, but without more information, it is impossible to provide an accurate estimate.
Q: Provide a detailed list of the ingredients of the food in the image. Only include a comma-separated list of items with no additional descriptions for each item in your response.
A: 
Q: Estimate the temperature of the dish in the image
A: It is not possible to accurately estimate the temperature of the dish in the image. The image shows a person stirring a dish in a pan, but there is no visible indication of the temperature, such as steam or heat waves. To estimate the temperature, one would need additional information or a thermometer.
- processing frame1020.jpg...
Q: Identify only the food items visible in the image. Provide a comma-separated list of food items with no additional descriptions or details. Do not repeat any items in your response.
A: chocolate
Q: Identify the main cooking action or stage occurring in the image. Choose one concise label, such as mixing, stirring, whisking, chopping, cutting, pouring, boiling, frying, sautéing, baking, kneading, serving, plating, or no clear cooking action. Return only the action label and nothing else.
A: Mixing
Q: Estimate the approximate temperature of the food or dish shown in the image, in degrees Celsius.
A: It is difficult to accurately estimate the temperature of the food or dish shown in the image, as it is not possible to determine the exact temperature without additional information. However, the image shows a hot chocolate or a hot beverage being poured into a cup, which suggests that the temperature is likely to be above room temperature, possibly around
Q: Provide a detailed list of the ingredients of the food in the image. Only include a comma-separated list of items with no additional descriptions for each item in your response.
A: 
Q: Estimate the temperature of the dish in the image
A: It is difficult to accurately estimate the temperature of the dish in the image without additional context or information. However, the dish appears to be hot, as it is described as a "hot dish" and the presence of steam suggests that it is being cooked or heated.
- processing frame1040.jpg...
Q: Identify only the food items visible in the image. Provide a comma-separated list of food items with no additional descriptions or details. Do not repeat any items in your response.
A: chocolate, ice cream
Q: Identify the main cooking action or stage occurring in the image. Choose one concise label, such as mixing, stirring, whisking, chopping, cutting, pouring, boiling, frying, sautéing, baking, kneading, serving, plating, or no clear cooking action. Return only the action label and nothing else.
A: Mixing
Q: Estimate the approximate temperature of the food or dish shown in the image, in degrees Celsius.
A: It is difficult to accurately estimate the temperature of the food or dish shown in the image without additional context or information. However, based on the appearance of the food, which appears to be a chocolate dessert or a chocolate-covered item, it is likely that the temperature is at or near room temperature, which is approximately 20
Q: Provide a detailed list of the ingredients of the food in the image. Only include a comma-separated list of items with no additional descriptions for each item in your response.
A: 
Q: Estimate the temperature of the dish in the image
A: It is difficult to accurately estimate the temperature of the dish in the image without additional context or information. However, the dish appears to be hot, as it is being poured from a container, and the chocolate is in a liquid state. This suggests that the dish is likely above room temperature, possibly around 100°F (
- processing frame1060.jpg...
Q: Identify only the food items visible in the image. Provide a comma-separated list of food items with no additional descriptions or details. Do not repeat any items in your response.
A: chocolate, egg
Q: Identify the main cooking action or stage occurring in the image. Choose one concise label, such as mixing, stirring, whisking, chopping, cutting, pouring, boiling, frying, sautéing, baking, kneading, serving, plating, or no clear cooking action. Return only the action label and nothing else.
A: Mixing
Q: Estimate the approximate temperature of the food or dish shown in the image, in degrees Celsius.
A: It is difficult to accurately estimate the temperature of the food in the image without additional context or information. However, based on the appearance of the food, which appears to be a chocolate dessert or a chocolate-covered dish, it is likely that the temperature is somewhere between room temperature and slightly warm. This would place the temperature in the
Q: Provide a detailed list of the ingredients of the food in the image. Only include a comma-separated list of items with no additional descriptions for each item in your response.
A: 
Q: Estimate the temperature of the dish in the image
A: The image shows a dish with a chocolate dessert. However, it is not possible to accurately estimate the temperature of the dish just by looking at the image. The temperature of the dish would depend on various factors such as the time since it was prepared, the type of chocolate used, and the surrounding environment. To accurately estimate the temperature, one would
- processing frame1080.jpg...
Q: Identify only the food items visible in the image. Provide a comma-separated list of food items with no additional descriptions or details. Do not repeat any items in your response.
A: chocolate, icing
Q: Identify the main cooking action or stage occurring in the image. Choose one concise label, such as mixing, stirring, whisking, chopping, cutting, pouring, boiling, frying, sautéing, baking, kneading, serving, plating, or no clear cooking action. Return only the action label and nothing else.
A: Mixing
Q: Estimate the approximate temperature of the food or dish shown in the image, in degrees Celsius.
A: It is difficult to accurately estimate the temperature of the food or dish shown in the image, as it is a close-up shot of a chocolate dessert being prepared. However, considering the context of the image, it is likely that the temperature is around 100-150 degrees Celsius, as this is
Q: Provide a detailed list of the ingredients of the food in the image. Only include a comma-separated list of items with no additional descriptions for each item in your response.
A: 
Q: Estimate the temperature of the dish in the image
A: It is difficult to accurately estimate the temperature of the dish in the image without additional context or information. However, the presence of melted chocolate suggests that the dish is likely warm or hot, as chocolate typically melts at temperatures above 100°F (37°C). The exact temperature would depend on the specific type
- processing frame1100.jpg...
Q: Identify only the food items visible in the image. Provide a comma-separated list of food items with no additional descriptions or details. Do not repeat any items in your response.
A: cocoa, chocolate, sugar, flour, eggs, butter, vanilla extract, baking powder, baking soda, salt, cinnamon, nutmeg, cloves, ginger, allspice, cayenne pepper, cumin, coriander, fennel, black pepper, bay leaves, th
Q: Identify the main cooking action or stage occurring in the image. Choose one concise label, such as mixing, stirring, whisking, chopping, cutting, pouring, boiling, frying, sautéing, baking, kneading, serving, plating, or no clear cooking action. Return only the action label and nothing else.
A: Mixing
Q: Estimate the approximate temperature of the food or dish shown in the image, in degrees Celsius.
A: It is not possible to accurately estimate the temperature of the food or dish shown in the image, as it is a still image and does not provide any information about the temperature.
Q: Provide a detailed list of the ingredients of the food in the image. Only include a comma-separated list of items with no additional descriptions for each item in your response.
A: 
Q: Estimate the temperature of the dish in the image
A: The dish in the image appears to be hot, as it is described as a "hot dish" and is placed on a marble countertop, which is a cool surface. The presence of a spoon and a bowl of chocolate chips also suggests that the dish is meant to be enjoyed warm. However, without a thermometer or other temperature-meas
- processing frame1120.jpg...
Q: Identify only the food items visible in the image. Provide a comma-separated list of food items with no additional descriptions or details. Do not repeat any items in your response.
A: cocoa, chocolate, flour, sugar, eggs, butter, vanilla extract, baking powder, baking soda, salt, cinnamon, nutmeg, cloves, ginger, allspice, cayenne pepper, black pepper, paprika, cumin, coriander, fennel, th
Q: Identify the main cooking action or stage occurring in the image. Choose one concise label, such as mixing, stirring, whisking, chopping, cutting, pouring, boiling, frying, sautéing, baking, kneading, serving, plating, or no clear cooking action. Return only the action label and nothing else.
A: Mixing
Q: Estimate the approximate temperature of the food or dish shown in the image, in degrees Celsius.
A: It is not possible to accurately estimate the temperature of the food or dish shown in the image, as it is a still image and does not provide any information about the temperature.
Q: Provide a detailed list of the ingredients of the food in the image. Only include a comma-separated list of items with no additional descriptions for each item in your response.
A: 
Q: Estimate the temperature of the dish in the image
A: The dish in the image appears to be hot, as it is described as a "hot dish" and the person is using their hands to mix it. However, without a thermometer or other temperature-measuring device, it is not possible to accurately estimate the temperature of the dish.
- processing frame1140.jpg...
Q: Identify only the food items visible in the image. Provide a comma-separated list of food items with no additional descriptions or details. Do not repeat any items in your response.
A: 
Q: Identify the main cooking action or stage occurring in the image. Choose one concise label, such as mixing, stirring, whisking, chopping, cutting, pouring, boiling, frying, sautéing, baking, kneading, serving, plating, or no clear cooking action. Return only the action label and nothing else.
A: Mixing
Q: Estimate the approximate temperature of the food or dish shown in the image, in degrees Celsius.
A: It is not possible to accurately estimate the temperature of the food or dish shown in the image, as there is not enough information to determine the temperature. The image only shows a person holding a dish with a brown substance, but there is no visible indication of the temperature of the dish.
Q: Provide a detailed list of the ingredients of the food in the image. Only include a comma-separated list of items with no additional descriptions for each item in your response.
A: 
Q: Estimate the temperature of the dish in the image
A: It is not possible to accurately estimate the temperature of the dish in the image. The image is blurry and lacks context, making it difficult to determine the temperature.
- processing frame1160.jpg...
Q: Identify only the food items visible in the image. Provide a comma-separated list of food items with no additional descriptions or details. Do not repeat any items in your response.
A: 
Q: Identify the main cooking action or stage occurring in the image. Choose one concise label, such as mixing, stirring, whisking, chopping, cutting, pouring, boiling, frying, sautéing, baking, kneading, serving, plating, or no clear cooking action. Return only the action label and nothing else.
A: No clear cooking action
Q: Estimate the approximate temperature of the food or dish shown in the image, in degrees Celsius.
A: It is not possible to accurately estimate the temperature of the food or dish shown in the image, as it is not a food or dish but a green bowl. The image does not provide any information about the contents of the bowl or the surrounding environment that would allow for a temperature estimation.
Q: Provide a detailed list of the ingredients of the food in the image. Only include a comma-separated list of items with no additional descriptions for each item in your response.
A: 
Q: Estimate the temperature of the dish in the image
A: It is not possible to accurately estimate the temperature of the dish in the image. The image is blurry and lacks context, making it difficult to determine the temperature. Additionally, the dish appears to be a bowl of water, which would not be a reliable indicator of temperature.
- processing frame1180.jpg...
Q: Identify only the food items visible in the image. Provide a comma-separated list of food items with no additional descriptions or details. Do not repeat any items in your response.
A: 
Q: Identify the main cooking action or stage occurring in the image. Choose one concise label, such as mixing, stirring, whisking, chopping, cutting, pouring, boiling, frying, sautéing, baking, kneading, serving, plating, or no clear cooking action. Return only the action label and nothing else.
A: Mixing
Q: Estimate the approximate temperature of the food or dish shown in the image, in degrees Celsius.
A: It is not possible to accurately estimate the temperature of the food or dish shown in the image, as there is no clear indication of the temperature. The image only shows a person holding a green bowl, and there are no visible temperature indicators such as a thermometer or a hot plate.
Q: Provide a detailed list of the ingredients of the food in the image. Only include a comma-separated list of items with no additional descriptions for each item in your response.
A: 
Q: Estimate the temperature of the dish in the image
A: The image shows a person holding a green bowl, which appears to be filled with water. The water is being poured into the bowl. The temperature of the dish cannot be accurately estimated from the image alone, as it does not provide any information about the temperature of the water or the surrounding environment. To estimate the temperature, one would need additional information,
- processing frame1200.jpg...
Q: Identify only the food items visible in the image. Provide a comma-separated list of food items with no additional descriptions or details. Do not repeat any items in your response.
A: 
Q: Identify the main cooking action or stage occurring in the image. Choose one concise label, such as mixing, stirring, whisking, chopping, cutting, pouring, boiling, frying, sautéing, baking, kneading, serving, plating, or no clear cooking action. Return only the action label and nothing else.
A: Mixing
Q: Estimate the approximate temperature of the food or dish shown in the image, in degrees Celsius.
A: It is not possible to accurately estimate the temperature of the food or dish shown in the image, as there is no clear indication of the temperature. The image only shows a person pouring water into a pan, and there is no visible indication of the temperature of the water or the dish being prepared.
Q: Provide a detailed list of the ingredients of the food in the image. Only include a comma-separated list of items with no additional descriptions for each item in your response.
A: 
Q: Estimate the temperature of the dish in the image
A: The image shows a person pouring water into a dish, but it is not possible to accurately estimate the temperature of the dish based on the image alone. The temperature of the dish would depend on the context of the situation, such as the purpose of the dish and the temperature of the water being poured.
- processing frame1220.jpg...
Q: Identify only the food items visible in the image. Provide a comma-separated list of food items with no additional descriptions or details. Do not repeat any items in your response.
A: 
Q: Identify the main cooking action or stage occurring in the image. Choose one concise label, such as mixing, stirring, whisking, chopping, cutting, pouring, boiling, frying, sautéing, baking, kneading, serving, plating, or no clear cooking action. Return only the action label and nothing else.
A: No clear cooking action
Q: Estimate the approximate temperature of the food or dish shown in the image, in degrees Celsius.
A: It is not possible to accurately estimate the temperature of the food or dish shown in the image, as there is no clear indication of the temperature. The image only shows a pan with a lid, and there are no visible temperature indicators such as a thermometer or a hot plate.
Q: Provide a detailed list of the ingredients of the food in the image. Only include a comma-separated list of items with no additional descriptions for each item in your response.
A: 
Q: Estimate the temperature of the dish in the image
A: The image shows a silver dish, which appears to be a pan or a pot, sitting on a stove. The dish is empty, and there are no visible flames or heat sources. It is not possible to accurately estimate the temperature of the dish based on the image alone, as the temperature would depend on the heat source and the duration of time the
- processing frame1240.jpg...
Q: Identify only the food items visible in the image. Provide a comma-separated list of food items with no additional descriptions or details. Do not repeat any items in your response.
A: 
Q: Identify the main cooking action or stage occurring in the image. Choose one concise label, such as mixing, stirring, whisking, chopping, cutting, pouring, boiling, frying, sautéing, baking, kneading, serving, plating, or no clear cooking action. Return only the action label and nothing else.
A: Mixing
Q: Estimate the approximate temperature of the food or dish shown in the image, in degrees Celsius.
A: It is not possible to accurately estimate the temperature of the food or dish shown in the image, as there is not enough information to determine the temperature. The image only shows a person's hand touching a metal pot or pan, but it does not provide any information about the contents of the pot or the temperature of the food.
Q: Provide a detailed list of the ingredients of the food in the image. Only include a comma-separated list of items with no additional descriptions for each item in your response.
A: 
Q: Estimate the temperature of the dish in the image
A: The image shows a person stirring a dish in a pot. However, it is not possible to accurately estimate the temperature of the dish just by looking at the image. The temperature of the dish would depend on various factors such as the cooking method, the heat source, and the cooking time. To estimate the temperature, one would need to use a
- processing frame1260.jpg...
Q: Identify only the food items visible in the image. Provide a comma-separated list of food items with no additional descriptions or details. Do not repeat any items in your response.
A: 
Q: Identify the main cooking action or stage occurring in the image. Choose one concise label, such as mixing, stirring, whisking, chopping, cutting, pouring, boiling, frying, sautéing, baking, kneading, serving, plating, or no clear cooking action. Return only the action label and nothing else.
A: Mixing
Q: Estimate the approximate temperature of the food or dish shown in the image, in degrees Celsius.
A: It is not possible to accurately estimate the temperature of the food or dish shown in the image, as there is not enough information to determine the temperature. The image only shows a person's hand touching a metal pot or pan, but it does not provide any information about the contents of the pot or the temperature of the food.
Q: Provide a detailed list of the ingredients of the food in the image. Only include a comma-separated list of items with no additional descriptions for each item in your response.
A: 
Q: Estimate the temperature of the dish in the image
A: The image shows a person's hand touching a metal dish, which appears to be a pot or a pan. The hand is in contact with the dish, and the person is likely to be cooking or handling the dish. However, it is not possible to accurately estimate the temperature of the dish based on the image alone. The temperature of the dish
- processing frame1280.jpg...
Q: Identify only the food items visible in the image. Provide a comma-separated list of food items with no additional descriptions or details. Do not repeat any items in your response.
A: cocoa, chocolate, flour, sugar, eggs, butter, vanilla extract, baking powder, baking soda, salt, cinnamon, nutmeg, cloves, ginger, allspice, cayenne pepper, black pepper, paprika, cumin, coriander, fennel, th
Q: Identify the main cooking action or stage occurring in the image. Choose one concise label, such as mixing, stirring, whisking, chopping, cutting, pouring, boiling, frying, sautéing, baking, kneading, serving, plating, or no clear cooking action. Return only the action label and nothing else.
A: Mixing
Q: Estimate the approximate temperature of the food or dish shown in the image, in degrees Celsius.
A: It is not possible to accurately estimate the temperature of the food or dish shown in the image, as it is a still image and does not provide any information about the temperature.
Q: Provide a detailed list of the ingredients of the food in the image. Only include a comma-separated list of items with no additional descriptions for each item in your response.
A: 
Q: Estimate the temperature of the dish in the image
A: The dish in the image appears to be hot, as it is being used to mix something, possibly chocolate. The presence of a mixing utensil and the fact that the person is mixing the contents of the dish suggest that the dish is at a temperature that allows for the mixing of ingredients. However, without a thermometer or other temperature-me
- processing frame1300.jpg...
Q: Identify only the food items visible in the image. Provide a comma-separated list of food items with no additional descriptions or details. Do not repeat any items in your response.
A: cake, chocolate, flour, sugar, eggs, butter, vanilla extract, baking powder, baking soda, salt, cocoa powder, chocolate chips, chocolate sauce
Q: Identify the main cooking action or stage occurring in the image. Choose one concise label, such as mixing, stirring, whisking, chopping, cutting, pouring, boiling, frying, sautéing, baking, kneading, serving, plating, or no clear cooking action. Return only the action label and nothing else.
A: Baking
Q: Estimate the approximate temperature of the food or dish shown in the image, in degrees Celsius.
A: It is not possible to accurately estimate the temperature of the food or dish shown in the image, as it is a still image and does not provide any information about the temperature.
Q: Provide a detailed list of the ingredients of the food in the image. Only include a comma-separated list of items with no additional descriptions for each item in your response.
A: 
Q: Estimate the temperature of the dish in the image
A: The dish in the image appears to be hot, as it is being used to mix something, which is typically done with warm or hot ingredients. However, without a thermometer or other temperature-measuring device, it is not possible to provide an exact temperature estimate.
- processing frame1320.jpg...
Q: Identify only the food items visible in the image. Provide a comma-separated list of food items with no additional descriptions or details. Do not repeat any items in your response.
A: cake, chocolate, flour, sugar, eggs, butter, vanilla extract, baking powder, baking soda, salt, cocoa powder, chocolate chips, chocolate sauce, chocolate frosting, chocolate syrup, chocolate mousse, chocolate whipped cream, chocolate ganache, chocolate truffle, chocolate fudge,
Q: Identify the main cooking action or stage occurring in the image. Choose one concise label, such as mixing, stirring, whisking, chopping, cutting, pouring, boiling, frying, sautéing, baking, kneading, serving, plating, or no clear cooking action. Return only the action label and nothing else.
A: Baking
Q: Estimate the approximate temperature of the food or dish shown in the image, in degrees Celsius.
A: It is not possible to accurately estimate the temperature of the food or dish shown in the image, as it is a still image and does not provide any information about the temperature.
Q: Provide a detailed list of the ingredients of the food in the image. Only include a comma-separated list of items with no additional descriptions for each item in your response.
A: 
Q: Estimate the temperature of the dish in the image
A: The dish in the image appears to be hot, as it is described as a "hot dish" and is placed on a stove. However, without a thermometer or other temperature-measuring device, it is not possible to provide an exact temperature.
- processing frame1340.jpg...
Q: Identify only the food items visible in the image. Provide a comma-separated list of food items with no additional descriptions or details. Do not repeat any items in your response.
A: chocolate chips, cocoa powder, sugar
Q: Identify the main cooking action or stage occurring in the image. Choose one concise label, such as mixing, stirring, whisking, chopping, cutting, pouring, boiling, frying, sautéing, baking, kneading, serving, plating, or no clear cooking action. Return only the action label and nothing else.
A: Mixing
Q: Estimate the approximate temperature of the food or dish shown in the image, in degrees Celsius.
A: It is not possible to accurately estimate the temperature of the food or dish shown in the image, as there is not enough information to determine the temperature. The image only shows a person's hand placing chocolate chips into a pan, and there is no visible indication of the temperature of the pan or the food being prepared.
Q: Provide a detailed list of the ingredients of the food in the image. Only include a comma-separated list of items with no additional descriptions for each item in your response.
A: 
Q: Estimate the temperature of the dish in the image
A: The image shows a person's hand dipping into a dish of chocolate chips. The dish appears to be hot, as the chocolate chips are melting. However, it is not possible to accurately estimate the temperature of the dish from the image alone. The temperature of the dish could range from warm to very hot, depending on the amount of time
- processing frame1360.jpg...
Q: Identify only the food items visible in the image. Provide a comma-separated list of food items with no additional descriptions or details. Do not repeat any items in your response.
A: chocolate chips, brownie, cocoa powder, flour, sugar, eggs, butter, vanilla extract
Q: Identify the main cooking action or stage occurring in the image. Choose one concise label, such as mixing, stirring, whisking, chopping, cutting, pouring, boiling, frying, sautéing, baking, kneading, serving, plating, or no clear cooking action. Return only the action label and nothing else.
A: Mixing
Q: Estimate the approximate temperature of the food or dish shown in the image, in degrees Celsius.
A: It is not possible to accurately estimate the temperature of the food or dish shown in the image, as there is no direct indication of the temperature. However, the image shows a person mixing chocolate chips into a batter, which suggests that the temperature is likely to be around 350°F (175°C) or
Q: Provide a detailed list of the ingredients of the food in the image. Only include a comma-separated list of items with no additional descriptions for each item in your response.
A: 
Q: Estimate the temperature of the dish in the image
A: The image shows a person's hand dipping into a dish of chocolate chips. The dish appears to be hot, as the chocolate chips are melting. However, it is not possible to accurately estimate the temperature of the dish from the image alone. The temperature could range from warm to very hot, depending on the amount of time the chocolate chips
- processing frame1380.jpg...
Q: Identify only the food items visible in the image. Provide a comma-separated list of food items with no additional descriptions or details. Do not repeat any items in your response.
A: 
Q: Identify the main cooking action or stage occurring in the image. Choose one concise label, such as mixing, stirring, whisking, chopping, cutting, pouring, boiling, frying, sautéing, baking, kneading, serving, plating, or no clear cooking action. Return only the action label and nothing else.
A: Mixing
Q: Estimate the approximate temperature of the food or dish shown in the image, in degrees Celsius.
A: The image shows a dish with food that is being cooked. However, without a thermometer or any other temperature-measuring device, it is not possible to accurately estimate the temperature of the food. The temperature of the food would depend on the cooking method and the type of dish being prepared.
Q: Provide a detailed list of the ingredients of the food in the image. Only include a comma-separated list of items with no additional descriptions for each item in your response.
A: 
Q: Estimate the temperature of the dish in the image
A: The image shows a dish with food being cooked on low heat for 30-35 minutes. The temperature of the dish would be relatively low, as it is being cooked on low heat. However, without more information or a thermometer, it is difficult to estimate the exact temperature of the dish.
- processing frame1400.jpg...
Q: Identify only the food items visible in the image. Provide a comma-separated list of food items with no additional descriptions or details. Do not repeat any items in your response.
A: 
Q: Identify the main cooking action or stage occurring in the image. Choose one concise label, such as mixing, stirring, whisking, chopping, cutting, pouring, boiling, frying, sautéing, baking, kneading, serving, plating, or no clear cooking action. Return only the action label and nothing else.
A: Mixing
Q: Estimate the approximate temperature of the food or dish shown in the image, in degrees Celsius.
A: Based on the image, it is not possible to accurately estimate the temperature of the food or dish shown. The image is blurry and lacks clear visual cues to determine the temperature.
Q: Provide a detailed list of the ingredients of the food in the image. Only include a comma-separated list of items with no additional descriptions for each item in your response.
A: 
Q: Estimate the temperature of the dish in the image
A: The image shows a dish with food that is being cooked. However, it is not possible to accurately estimate the temperature of the dish based on the image alone. The temperature of the dish would depend on the cooking method, the type of food being cooked, and the cooking time. To estimate the temperature, one would need to use a thermometer or
- processing frame1420.jpg...
Q: Identify only the food items visible in the image. Provide a comma-separated list of food items with no additional descriptions or details. Do not repeat any items in your response.
A: 
Q: Identify the main cooking action or stage occurring in the image. Choose one concise label, such as mixing, stirring, whisking, chopping, cutting, pouring, boiling, frying, sautéing, baking, kneading, serving, plating, or no clear cooking action. Return only the action label and nothing else.
A: Mixing
Q: Estimate the approximate temperature of the food or dish shown in the image, in degrees Celsius.
A: The image shows a dish that appears to be hot, but it is not possible to accurately estimate the temperature of the food or dish shown in the image. The temperature of the dish could range from 100°C to 200°C or even higher, depending on the type of food and the cooking method used.
Q: Provide a detailed list of the ingredients of the food in the image. Only include a comma-separated list of items with no additional descriptions for each item in your response.
A: 
Q: Estimate the temperature of the dish in the image
A: The image shows a dish with food, but it is not possible to accurately estimate the temperature of the dish based on the image alone. The temperature of the dish would depend on various factors such as the type of food, the cooking method used, and the time the dish has been cooked. To estimate the temperature, one would need to use a therm
- processing frame1440.jpg...
Q: Identify only the food items visible in the image. Provide a comma-separated list of food items with no additional descriptions or details. Do not repeat any items in your response.
A: 
Q: Identify the main cooking action or stage occurring in the image. Choose one concise label, such as mixing, stirring, whisking, chopping, cutting, pouring, boiling, frying, sautéing, baking, kneading, serving, plating, or no clear cooking action. Return only the action label and nothing else.
A: No clear cooking action
Q: Estimate the approximate temperature of the food or dish shown in the image, in degrees Celsius.
A: The image shows a dish that is described as "cook on low heat for 30-35 minutes." Based on this information, it is likely that the dish is being cooked at a low temperature, which could be around 150-175 degrees Celsius. However, without more specific information about the dish or the
Q: Provide a detailed list of the ingredients of the food in the image. Only include a comma-separated list of items with no additional descriptions for each item in your response.
A: 
Q: Estimate the temperature of the dish in the image
A: The image shows a dish with a low heat setting, which is for 30-35 minutes. This suggests that the temperature of the dish is likely to be around 150-160 degrees Celsius (300-320 degrees Fahrenheit). This is a moderate heat setting, suitable for cooking
- processing frame1460.jpg...
Q: Identify only the food items visible in the image. Provide a comma-separated list of food items with no additional descriptions or details. Do not repeat any items in your response.
A: 
Q: Identify the main cooking action or stage occurring in the image. Choose one concise label, such as mixing, stirring, whisking, chopping, cutting, pouring, boiling, frying, sautéing, baking, kneading, serving, plating, or no clear cooking action. Return only the action label and nothing else.
A: Mixing
Q: Estimate the approximate temperature of the food or dish shown in the image, in degrees Celsius.
A: It is not possible to accurately estimate the temperature of the food or dish shown in the image, as there is not enough information to determine the temperature. The image only shows a person's hand stirring something in a pot, but there is no visible thermometer or other temperature-indicating device.
Q: Provide a detailed list of the ingredients of the food in the image. Only include a comma-separated list of items with no additional descriptions for each item in your response.
A: 
Q: Estimate the temperature of the dish in the image
A: The image shows a person stirring a dish, but it is not possible to accurately estimate the temperature of the dish just by looking at the image. The temperature of the dish would depend on various factors such as the cooking method, the type of dish being prepared, and the heat source being used. To estimate the temperature, one would need to use
- processing frame1480.jpg...
Q: Identify only the food items visible in the image. Provide a comma-separated list of food items with no additional descriptions or details. Do not repeat any items in your response.
A: 
Q: Identify the main cooking action or stage occurring in the image. Choose one concise label, such as mixing, stirring, whisking, chopping, cutting, pouring, boiling, frying, sautéing, baking, kneading, serving, plating, or no clear cooking action. Return only the action label and nothing else.
A: Mixing
Q: Estimate the approximate temperature of the food or dish shown in the image, in degrees Celsius.
A: Based on the image, it is not possible to accurately estimate the temperature of the food or dish shown. The image only provides a visual representation of the food, but does not provide any information about the temperature.
Q: Provide a detailed list of the ingredients of the food in the image. Only include a comma-separated list of items with no additional descriptions for each item in your response.
A: 
Q: Estimate the temperature of the dish in the image
A: The dish in the image appears to be hot, as it is described as a "hot dish" and is placed on a stove. However, without a thermometer or other temperature-measuring device, it is not possible to provide an exact temperature.
- processing frame1500.jpg...
Q: Identify only the food items visible in the image. Provide a comma-separated list of food items with no additional descriptions or details. Do not repeat any items in your response.
A: 
Q: Identify the main cooking action or stage occurring in the image. Choose one concise label, such as mixing, stirring, whisking, chopping, cutting, pouring, boiling, frying, sautéing, baking, kneading, serving, plating, or no clear cooking action. Return only the action label and nothing else.
A: Mixing
Q: Estimate the approximate temperature of the food or dish shown in the image, in degrees Celsius.
A: It is not possible to accurately estimate the temperature of the food or dish shown in the image without additional information. The image only shows a dish with a red glove on top, and there is no visible indication of the temperature.
Q: Provide a detailed list of the ingredients of the food in the image. Only include a comma-separated list of items with no additional descriptions for each item in your response.
A: 
Q: Estimate the temperature of the dish in the image
A: The dish in the image appears to be hot, as it is being handled with oven mitts. This suggests that the dish has been freshly baked or cooked and is still hot. However, without a thermometer or other temperature-measuring device, it is not possible to provide an exact temperature.
- processing frame1520.jpg...
Q: Identify only the food items visible in the image. Provide a comma-separated list of food items with no additional descriptions or details. Do not repeat any items in your response.
A: cake, beans, chocolate
Q: Identify the main cooking action or stage occurring in the image. Choose one concise label, such as mixing, stirring, whisking, chopping, cutting, pouring, boiling, frying, sautéing, baking, kneading, serving, plating, or no clear cooking action. Return only the action label and nothing else.
A: Mixing
Q: Estimate the approximate temperature of the food or dish shown in the image, in degrees Celsius.
A: It is not possible to accurately estimate the temperature of the food or dish shown in the image without additional information. The image only shows a dish with a red glove on top of it, and there is no visible indication of the temperature.
Q: Provide a detailed list of the ingredients of the food in the image. Only include a comma-separated list of items with no additional descriptions for each item in your response.
A: 
Q: Estimate the temperature of the dish in the image
A: The dish in the image appears to be hot, as it is being held by a pair of red oven mitts. The mitts are designed to protect the hands from heat, so it is reasonable to assume that the dish is at least warm or hot. However, without a thermometer or other temperature-measuring device, it is not
- processing frame1540.jpg...
Q: Identify only the food items visible in the image. Provide a comma-separated list of food items with no additional descriptions or details. Do not repeat any items in your response.
A: brownie, chocolate chips
Q: Identify the main cooking action or stage occurring in the image. Choose one concise label, such as mixing, stirring, whisking, chopping, cutting, pouring, boiling, frying, sautéing, baking, kneading, serving, plating, or no clear cooking action. Return only the action label and nothing else.
A: Baking
Q: Estimate the approximate temperature of the food or dish shown in the image, in degrees Celsius.
A: It is not possible to accurately estimate the temperature of the food or dish shown in the image, as there is no direct indication of the temperature. However, the image shows a chocolate muffin or cake, which is typically served at room temperature or slightly warmed. If the muffin or cake is served at room temperature,
Q: Provide a detailed list of the ingredients of the food in the image. Only include a comma-separated list of items with no additional descriptions for each item in your response.
A: 
Q: Estimate the temperature of the dish in the image
A: The image shows a piece of chocolate cake on a yellow plate. The cake appears to be freshly baked, as it has a moist texture and a rich, dark color. The temperature of the dish is likely to be warm, as it has just been taken out of the oven. However, without more information, it is difficult to estimate the
- processing frame1560.jpg...
Q: Identify only the food items visible in the image. Provide a comma-separated list of food items with no additional descriptions or details. Do not repeat any items in your response.
A: 
Q: Identify the main cooking action or stage occurring in the image. Choose one concise label, such as mixing, stirring, whisking, chopping, cutting, pouring, boiling, frying, sautéing, baking, kneading, serving, plating, or no clear cooking action. Return only the action label and nothing else.
A: Baking
Q: Estimate the approximate temperature of the food or dish shown in the image, in degrees Celsius.
A: It is not possible to accurately estimate the temperature of the food or dish shown in the image, as there is no direct indication of the temperature. However, the image shows a chocolate muffin or cake being prepared, which suggests that it is likely to be cooked or baked. Typically, chocolate muffins or cakes
Q: Provide a detailed list of the ingredients of the food in the image. Only include a comma-separated list of items with no additional descriptions for each item in your response.
A: 
Q: Estimate the temperature of the dish in the image
A: The image shows a chocolate muffin being prepared, and it is being held by a person's hand. The muffin appears to be freshly baked, and it is likely that it is still hot. However, it is not possible to accurately estimate the temperature of the dish just by looking at the image. To determine the temperature
- processing frame1580.jpg...
Q: Identify only the food items visible in the image. Provide a comma-separated list of food items with no additional descriptions or details. Do not repeat any items in your response.
A: 
Q: Identify the main cooking action or stage occurring in the image. Choose one concise label, such as mixing, stirring, whisking, chopping, cutting, pouring, boiling, frying, sautéing, baking, kneading, serving, plating, or no clear cooking action. Return only the action label and nothing else.
A: No clear cooking action
Q: Estimate the approximate temperature of the food or dish shown in the image, in degrees Celsius.
A: It is not possible to accurately estimate the temperature of the food or dish shown in the image, as the image does not provide any visual cues that would allow for a precise temperature estimation. The color of the food or dish alone is not sufficient to determine its temperature.
Q: Provide a detailed list of the ingredients of the food in the image. Only include a comma-separated list of items with no additional descriptions for each item in your response.
A: 
Q: Estimate the temperature of the dish in the image
A: It is not possible to accurately estimate the temperature of the dish in the image. The image does not provide any information about the temperature of the dish.
- processing frame1600.jpg...
Q: Identify only the food items visible in the image. Provide a comma-separated list of food items with no additional descriptions or details. Do not repeat any items in your response.
A: 
Q: Identify the main cooking action or stage occurring in the image. Choose one concise label, such as mixing, stirring, whisking, chopping, cutting, pouring, boiling, frying, sautéing, baking, kneading, serving, plating, or no clear cooking action. Return only the action label and nothing else.
A: Baking
Q: Estimate the approximate temperature of the food or dish shown in the image, in degrees Celsius.
A: It is not possible to accurately estimate the temperature of the food or dish shown in the image, as there is not enough information to determine the temperature. The image only shows a close-up of a person's hand holding a piece of food, but it does not provide any information about the temperature of the food.
Q: Provide a detailed list of the ingredients of the food in the image. Only include a comma-separated list of items with no additional descriptions for each item in your response.
A: 
Q: Estimate the temperature of the dish in the image
A: The image shows a brownie on a yellow plate, and a hand is holding the brownie. The brownie appears to be freshly baked, and the yellow plate is likely to be hot from the oven. However, it is not possible to accurately estimate the temperature of the dish just by looking at the image. To determine the temperature,
- processing frame1620.jpg...
Q: Identify only the food items visible in the image. Provide a comma-separated list of food items with no additional descriptions or details. Do not repeat any items in your response.
A: chocolate muffin
Q: Identify the main cooking action or stage occurring in the image. Choose one concise label, such as mixing, stirring, whisking, chopping, cutting, pouring, boiling, frying, sautéing, baking, kneading, serving, plating, or no clear cooking action. Return only the action label and nothing else.
A: Baking
Q: Estimate the approximate temperature of the food or dish shown in the image, in degrees Celsius.
A: It is not possible to accurately estimate the temperature of the food in the image without additional information. The image shows a piece of chocolate cake on a yellow plate, but there is no visible indication of the temperature, such as steam or heat waves.
 67%|██████▋   | 2/3 [07:24<03:42, 222.23s/it]Q: Provide a detailed list of the ingredients of the food in the image. Only include a comma-separated list of items with no additional descriptions for each item in your response.
A: 
Q: Estimate the temperature of the dish in the image
A: The image shows a chocolate muffin on a yellow plate. The muffin appears to be freshly baked, as it has a moist and slightly crumbly texture. The temperature of the dish is likely to be around 150°F (68°C), as this is the typical temperature for baked goods to
- processing frame1640.jpg...
Q: Identify only the food items visible in the image. Provide a comma-separated list of food items with no additional descriptions or details. Do not repeat any items in your response.
A: chocolate muffin
Q: Identify the main cooking action or stage occurring in the image. Choose one concise label, such as mixing, stirring, whisking, chopping, cutting, pouring, boiling, frying, sautéing, baking, kneading, serving, plating, or no clear cooking action. Return only the action label and nothing else.
A: Baking
Q: Estimate the approximate temperature of the food or dish shown in the image, in degrees Celsius.
A: It is not possible to accurately estimate the temperature of the food in the image without additional information. The image shows a chocolate muffin on a yellow plate, but there is no indication of the temperature at which the muffin was prepared or served.
Q: Provide a detailed list of the ingredients of the food in the image. Only include a comma-separated list of items with no additional descriptions for each item in your response.
A: 
Q: Estimate the temperature of the dish in the image
A: The image shows a chocolate muffin on a yellow plate. The muffin appears to be freshly baked, as it has a moist and slightly crumbly texture. The temperature of the dish is likely to be around 150°F (68°C), as this is the typical temperature for baked goods to

processing pav_bhaji.mp4..
- processing frame20.jpg...
Q: Identify only the food items visible in the image. Provide a comma-separated list of food items with no additional descriptions or details. Do not repeat any items in your response.
A: 
Q: Identify the main cooking action or stage occurring in the image. Choose one concise label, such as mixing, stirring, whisking, chopping, cutting, pouring, boiling, frying, sautéing, baking, kneading, serving, plating, or no clear cooking action. Return only the action label and nothing else.
A: Mixing
Q: Estimate the approximate temperature of the food or dish shown in the image, in degrees Celsius.
A: The image shows a plate of food consisting of a curry, bread, and a lemon wedge. The curry appears to be hot, and the bread is toasted. The lemon wedge is likely to be cold. Based on these observations, the approximate temperature of the food in the image is around 35-40 degrees C
Q: Provide a detailed list of the ingredients of the food in the image. Only include a comma-separated list of items with no additional descriptions for each item in your response.
A: 
Q: Estimate the temperature of the dish in the image
A: The dish in the image appears to be hot, as it is described as "hot" and the food looks freshly prepared. However, without a thermometer or other temperature-measuring device, it is not possible to provide an exact temperature.
- processing frame40.jpg...
Q: Identify only the food items visible in the image. Provide a comma-separated list of food items with no additional descriptions or details. Do not repeat any items in your response.
A: 
Q: Identify the main cooking action or stage occurring in the image. Choose one concise label, such as mixing, stirring, whisking, chopping, cutting, pouring, boiling, frying, sautéing, baking, kneading, serving, plating, or no clear cooking action. Return only the action label and nothing else.
A: Mixing
Q: Estimate the approximate temperature of the food or dish shown in the image, in degrees Celsius.
A: The image shows a plate of food, including a sandwich, a curry, and some onions. It is not possible to accurately estimate the temperature of the food in the image without additional information. However, the curry appears to be hot, and the sandwich might be warm. If the curry is served hot, it could be around
Q: Provide a detailed list of the ingredients of the food in the image. Only include a comma-separated list of items with no additional descriptions for each item in your response.
A: 
Q: Estimate the temperature of the dish in the image
A: The dish in the image appears to be hot, as it is being served and the person is holding a piece of bread over it. However, without a thermometer or other temperature-measuring device, it is not possible to accurately estimate the temperature of the dish.
- processing frame60.jpg...
Q: Identify only the food items visible in the image. Provide a comma-separated list of food items with no additional descriptions or details. Do not repeat any items in your response.
A: 
Q: Identify the main cooking action or stage occurring in the image. Choose one concise label, such as mixing, stirring, whisking, chopping, cutting, pouring, boiling, frying, sautéing, baking, kneading, serving, plating, or no clear cooking action. Return only the action label and nothing else.
A: No clear cooking action
Q: Estimate the approximate temperature of the food or dish shown in the image, in degrees Celsius.
A: The image shows a plate of food, including a sandwich, a curry, and some rice. However, without more specific information about the food's temperature, it is not possible to provide an accurate estimate of the temperature.
Q: Provide a detailed list of the ingredients of the food in the image. Only include a comma-separated list of items with no additional descriptions for each item in your response.
A: 
Q: Estimate the temperature of the dish in the image
A: The dish in the image appears to be hot, as it is being served and eaten. However, without a thermometer or other temperature-measuring device, it is not possible to provide an exact temperature.
- processing frame80.jpg...
Q: Identify only the food items visible in the image. Provide a comma-separated list of food items with no additional descriptions or details. Do not repeat any items in your response.
A: 
Q: Identify the main cooking action or stage occurring in the image. Choose one concise label, such as mixing, stirring, whisking, chopping, cutting, pouring, boiling, frying, sautéing, baking, kneading, serving, plating, or no clear cooking action. Return only the action label and nothing else.
A: Mixing
Q: Estimate the approximate temperature of the food or dish shown in the image, in degrees Celsius.
A: It is not possible to accurately estimate the temperature of the food or dish shown in the image without additional information. The image only shows a person's hand holding a piece of food, but it does not provide any clues about the temperature of the food.
Q: Provide a detailed list of the ingredients of the food in the image. Only include a comma-separated list of items with no additional descriptions for each item in your response.
A: 
Q: Estimate the temperature of the dish in the image
A: The dish in the image appears to be hot, as it is being prepared and served. However, without a thermometer or other temperature-measuring device, it is not possible to provide an exact temperature.
- processing frame100.jpg...
Q: Identify only the food items visible in the image. Provide a comma-separated list of food items with no additional descriptions or details. Do not repeat any items in your response.
A: 
Q: Identify the main cooking action or stage occurring in the image. Choose one concise label, such as mixing, stirring, whisking, chopping, cutting, pouring, boiling, frying, sautéing, baking, kneading, serving, plating, or no clear cooking action. Return only the action label and nothing else.
A: Mixing
Q: Estimate the approximate temperature of the food or dish shown in the image, in degrees Celsius.
A: The image shows a person's hand picking up a piece of food, which appears to be a type of curry or stew. The food is served on a plate, and there are other ingredients visible, such as a lemon wedge. The exact temperature of the food is not possible to determine from the image alone, as it would depend
Q: Provide a detailed list of the ingredients of the food in the image. Only include a comma-separated list of items with no additional descriptions for each item in your response.
A: 
Q: Estimate the temperature of the dish in the image
A: The dish in the image appears to be hot, as it is being served and eaten. However, without a thermometer or other temperature-measuring device, it is not possible to accurately estimate the temperature of the dish.
- processing frame120.jpg...
Q: Identify only the food items visible in the image. Provide a comma-separated list of food items with no additional descriptions or details. Do not repeat any items in your response.
A: 
Q: Identify the main cooking action or stage occurring in the image. Choose one concise label, such as mixing, stirring, whisking, chopping, cutting, pouring, boiling, frying, sautéing, baking, kneading, serving, plating, or no clear cooking action. Return only the action label and nothing else.
A: No clear cooking action
Q: Estimate the approximate temperature of the food or dish shown in the image, in degrees Celsius.
A: The image shows a person holding a piece of food, which appears to be a type of Indian cuisine. However, without more information or a clearer view of the food, it is difficult to accurately estimate the approximate temperature of the dish.
Q: Provide a detailed list of the ingredients of the food in the image. Only include a comma-separated list of items with no additional descriptions for each item in your response.
A: 
Q: Estimate the temperature of the dish in the image
A: The dish in the image appears to be hot, as it is being held by a person and the food looks freshly cooked. However, without a thermometer or other temperature-measuring device, it is not possible to accurately estimate the temperature of the dish.
- processing frame140.jpg...
Q: Identify only the food items visible in the image. Provide a comma-separated list of food items with no additional descriptions or details. Do not repeat any items in your response.
A: 
Q: Identify the main cooking action or stage occurring in the image. Choose one concise label, such as mixing, stirring, whisking, chopping, cutting, pouring, boiling, frying, sautéing, baking, kneading, serving, plating, or no clear cooking action. Return only the action label and nothing else.
A: No clear cooking action
Q: Estimate the approximate temperature of the food or dish shown in the image, in degrees Celsius.
A: The image is blurry and lacks specific details that would allow for an accurate temperature estimation.
Q: Provide a detailed list of the ingredients of the food in the image. Only include a comma-separated list of items with no additional descriptions for each item in your response.
A: 
Q: Estimate the temperature of the dish in the image
A: It is not possible to accurately estimate the temperature of the dish in the image. The image is blurry and lacks clear visual cues that would allow for a precise temperature estimation. Additionally, the image is of low resolution, which further complicates the task.
- processing frame160.jpg...
Q: Identify only the food items visible in the image. Provide a comma-separated list of food items with no additional descriptions or details. Do not repeat any items in your response.
A: butter, egg
Q: Identify the main cooking action or stage occurring in the image. Choose one concise label, such as mixing, stirring, whisking, chopping, cutting, pouring, boiling, frying, sautéing, baking, kneading, serving, plating, or no clear cooking action. Return only the action label and nothing else.
A: Mixing
Q: Estimate the approximate temperature of the food or dish shown in the image, in degrees Celsius.
A: It is not possible to accurately estimate the temperature of the food or dish shown in the image, as there is no direct indication of the temperature. However, the image shows a person using a hot plate to cook food, which suggests that the temperature is likely to be high, possibly around 200-300 degrees C
Q: Provide a detailed list of the ingredients of the food in the image. Only include a comma-separated list of items with no additional descriptions for each item in your response.
A: 
Q: Estimate the temperature of the dish in the image
A: It is not possible to accurately estimate the temperature of the dish in the image. The image shows a person stirring a dish in a pan, but there is no visible indication of the temperature, such as a thermometer or a heat source. Additionally, the image is not clear enough to provide a precise temperature reading.
- processing frame180.jpg...
Q: Identify only the food items visible in the image. Provide a comma-separated list of food items with no additional descriptions or details. Do not repeat any items in your response.
A: 
Q: Identify the main cooking action or stage occurring in the image. Choose one concise label, such as mixing, stirring, whisking, chopping, cutting, pouring, boiling, frying, sautéing, baking, kneading, serving, plating, or no clear cooking action. Return only the action label and nothing else.
A: Mixing
Q: Estimate the approximate temperature of the food or dish shown in the image, in degrees Celsius.
A: It is not possible to accurately estimate the temperature of the food or dish shown in the image, as it is not possible to determine the temperature of the food or dish without additional information or context.
Q: Provide a detailed list of the ingredients of the food in the image. Only include a comma-separated list of items with no additional descriptions for each item in your response.
A: 1 tbsp
Q: Estimate the temperature of the dish in the image
A: The image shows a person cooking a dish on a stove. The dish appears to be a frying pan with a yellowish substance in it, which could be butter or oil. The temperature of the dish is not directly visible in the image, but it is likely that the stove is set to a medium to high heat setting to cook the dish.
- processing frame200.jpg...
Q: Identify only the food items visible in the image. Provide a comma-separated list of food items with no additional descriptions or details. Do not repeat any items in your response.
A: 
Q: Identify the main cooking action or stage occurring in the image. Choose one concise label, such as mixing, stirring, whisking, chopping, cutting, pouring, boiling, frying, sautéing, baking, kneading, serving, plating, or no clear cooking action. Return only the action label and nothing else.
A: No clear cooking action
Q: Estimate the approximate temperature of the food or dish shown in the image, in degrees Celsius.
A: Based on the image, it is not possible to accurately estimate the temperature of the food or dish shown in the pan. The temperature would depend on the cooking method, the type of food being cooked, and the heat source being used. To determine the temperature, one would need to use a thermometer or other temperature-measuring
Q: Provide a detailed list of the ingredients of the food in the image. Only include a comma-separated list of items with no additional descriptions for each item in your response.
A: 
Q: Estimate the temperature of the dish in the image
A: The image shows a dish with a yellow substance, which appears to be a butter or oil. The dish is placed on a scale, and the weight of the dish is 1 lb. The temperature of the dish cannot be accurately estimated from the image alone, as it does not provide any information about the heat source or the duration of the heat exposure
- processing frame220.jpg...
Q: Identify only the food items visible in the image. Provide a comma-separated list of food items with no additional descriptions or details. Do not repeat any items in your response.
A: tomato, onion, garlic, ginger, chili, cumin, coriander, turmeric, mustard, salt, pepper, oil, butter, flour, sugar, vinegar, lemon, lime, coconut, milk, cream, cheese, yogurt, paneer, poultry
Q: Identify the main cooking action or stage occurring in the image. Choose one concise label, such as mixing, stirring, whisking, chopping, cutting, pouring, boiling, frying, sautéing, baking, kneading, serving, plating, or no clear cooking action. Return only the action label and nothing else.
A: Chopping
Q: Estimate the approximate temperature of the food or dish shown in the image, in degrees Celsius.
A: It is not possible to accurately estimate the temperature of the food or dish shown in the image, as there is no direct indication of the temperature. However, the image shows a person stirring a pan of food, which suggests that the food is likely being cooked or heated. The temperature of the food would depend on the cooking method and
Q: Provide a detailed list of the ingredients of the food in the image. Only include a comma-separated list of items with no additional descriptions for each item in your response.
A: 
Q: Estimate the temperature of the dish in the image
A: The image shows a dish of food being cooked on a stove. However, it is not possible to accurately estimate the temperature of the dish based on the image alone. The temperature of the dish would depend on the heat setting of the stove and the cooking time. To determine the temperature, one would need to use a thermometer or a heat-s
- processing frame240.jpg...
Q: Identify only the food items visible in the image. Provide a comma-separated list of food items with no additional descriptions or details. Do not repeat any items in your response.
A: tomato, onion, garlic
Q: Identify the main cooking action or stage occurring in the image. Choose one concise label, such as mixing, stirring, whisking, chopping, cutting, pouring, boiling, frying, sautéing, baking, kneading, serving, plating, or no clear cooking action. Return only the action label and nothing else.
A: Chopping
Q: Estimate the approximate temperature of the food or dish shown in the image, in degrees Celsius.
A: It is not possible to accurately estimate the temperature of the food or dish shown in the image, as there is no direct indication of the temperature. However, the image shows a person cooking food on a stove, which suggests that the temperature is likely to be within the range of typical cooking temperatures, such as boiling, simmering
Q: Provide a detailed list of the ingredients of the food in the image. Only include a comma-separated list of items with no additional descriptions for each item in your response.
A: 
Q: Estimate the temperature of the dish in the image
A: The image shows a person cooking food on a stove. The dish appears to be hot, as indicated by the steam rising from it. However, without a thermometer or other temperature-measuring device, it is not possible to accurately estimate the temperature of the dish. It is important to note that cooking temperatures can vary greatly depending on the type
- processing frame260.jpg...
Q: Identify only the food items visible in the image. Provide a comma-separated list of food items with no additional descriptions or details. Do not repeat any items in your response.
A: tomatoes, cheese, watermelon
Q: Identify the main cooking action or stage occurring in the image. Choose one concise label, such as mixing, stirring, whisking, chopping, cutting, pouring, boiling, frying, sautéing, baking, kneading, serving, plating, or no clear cooking action. Return only the action label and nothing else.
A: Mixing
Q: Estimate the approximate temperature of the food or dish shown in the image, in degrees Celsius.
A: The image shows a person stirring a dish of food, which appears to be a tomato-based dish, possibly a sauce or a soup. The food is being cooked in a pan on a stove. The exact temperature of the food cannot be determined from the image alone, as it would depend on the cooking method and the heat
Q: Provide a detailed list of the ingredients of the food in the image. Only include a comma-separated list of items with no additional descriptions for each item in your response.
A: 
Q: Estimate the temperature of the dish in the image
A: The image shows a dish of food being cooked on a stove. However, it is not possible to accurately estimate the temperature of the dish based on the image alone. The temperature of the dish would depend on the heat source, the type of cookware being used, and the cooking time. To determine the temperature, one would need to use a therm
- processing frame280.jpg...
Q: Identify only the food items visible in the image. Provide a comma-separated list of food items with no additional descriptions or details. Do not repeat any items in your response.
A: tomato, pea, onion, cheese
Q: Identify the main cooking action or stage occurring in the image. Choose one concise label, such as mixing, stirring, whisking, chopping, cutting, pouring, boiling, frying, sautéing, baking, kneading, serving, plating, or no clear cooking action. Return only the action label and nothing else.
A: Mixing
Q: Estimate the approximate temperature of the food or dish shown in the image, in degrees Celsius.
A: It is not possible to accurately estimate the temperature of the food or dish shown in the image, as there is no direct indication of the temperature. However, the image shows a person stirring a dish that appears to be hot, possibly indicating that the dish is being cooked or heated.
Q: Provide a detailed list of the ingredients of the food in the image. Only include a comma-separated list of items with no additional descriptions for each item in your response.
A: 
Q: Estimate the temperature of the dish in the image
A: The image shows a dish being cooked on a stove, with a person stirring the food. However, it is not possible to accurately estimate the temperature of the dish just by looking at the image. The temperature of the dish would depend on the heat setting of the stove and the cooking time. To determine the temperature, one would need to
- processing frame300.jpg...
Q: Identify only the food items visible in the image. Provide a comma-separated list of food items with no additional descriptions or details. Do not repeat any items in your response.
A: tomato, cheese, broccoli
Q: Identify the main cooking action or stage occurring in the image. Choose one concise label, such as mixing, stirring, whisking, chopping, cutting, pouring, boiling, frying, sautéing, baking, kneading, serving, plating, or no clear cooking action. Return only the action label and nothing else.
A: Chopping
Q: Estimate the approximate temperature of the food or dish shown in the image, in degrees Celsius.
A: The image shows a person cooking food in a pan. However, without any visible temperature indicators or a thermometer, it is not possible to accurately estimate the approximate temperature of the food or dish shown in the image.
Q: Provide a detailed list of the ingredients of the food in the image. Only include a comma-separated list of items with no additional descriptions for each item in your response.
A: 
Q: Estimate the temperature of the dish in the image
A: The image shows a dish being cooked on a stove. However, it is not possible to accurately estimate the temperature of the dish based on the image alone. The temperature of the dish would depend on the heat source, the type of cookware being used, and the cooking time. To determine the temperature, one would need to use a thermometer or
- processing frame320.jpg...
Q: Identify only the food items visible in the image. Provide a comma-separated list of food items with no additional descriptions or details. Do not repeat any items in your response.
A: tomato, pea, onion, cheese
Q: Identify the main cooking action or stage occurring in the image. Choose one concise label, such as mixing, stirring, whisking, chopping, cutting, pouring, boiling, frying, sautéing, baking, kneading, serving, plating, or no clear cooking action. Return only the action label and nothing else.
A: Chopping
Q: Estimate the approximate temperature of the food or dish shown in the image, in degrees Celsius.
A: It is not possible to accurately estimate the temperature of the food in the image, as it is being cooked on a stove. The temperature of the food would depend on the cooking method, the type of cookware being used, and the heat setting on the stove. To determine the temperature, one would need to use a thermometer or
Q: Provide a detailed list of the ingredients of the food in the image. Only include a comma-separated list of items with no additional descriptions for each item in your response.
A: 
Q: Estimate the temperature of the dish in the image
A: It is not possible to accurately estimate the temperature of the dish in the image without additional information. However, the dish appears to be hot, as it is being stirred with a spoon, and the person is using a kitchen scale, which suggests that they are preparing a meal that requires precise measurements and temperatures.
- processing frame340.jpg...
Q: Identify only the food items visible in the image. Provide a comma-separated list of food items with no additional descriptions or details. Do not repeat any items in your response.
A: tomato, onion, potato
Q: Identify the main cooking action or stage occurring in the image. Choose one concise label, such as mixing, stirring, whisking, chopping, cutting, pouring, boiling, frying, sautéing, baking, kneading, serving, plating, or no clear cooking action. Return only the action label and nothing else.
A: Mixing
Q: Estimate the approximate temperature of the food or dish shown in the image, in degrees Celsius.
A: It is not possible to accurately estimate the temperature of the food in the image without additional information. The image shows a person stirring a dish in a pan, but there is no visible indication of the temperature, such as a thermometer or a heat source. The temperature of the food would depend on the cooking method and the heat source
Q: Provide a detailed list of the ingredients of the food in the image. Only include a comma-separated list of items with no additional descriptions for each item in your response.
A: 
Q: Estimate the temperature of the dish in the image
A: The image shows a dish being cooked on a stove, but it is not possible to accurately estimate the temperature of the dish based on the image alone. The temperature of the dish would depend on the heat setting of the stove and the cooking time, which are not visible in the image.
- processing frame360.jpg...
Q: Identify only the food items visible in the image. Provide a comma-separated list of food items with no additional descriptions or details. Do not repeat any items in your response.
A: tomato, pea, potato
Q: Identify the main cooking action or stage occurring in the image. Choose one concise label, such as mixing, stirring, whisking, chopping, cutting, pouring, boiling, frying, sautéing, baking, kneading, serving, plating, or no clear cooking action. Return only the action label and nothing else.
A: Boiling
Q: Estimate the approximate temperature of the food or dish shown in the image, in degrees Celsius.
A: It is not possible to accurately estimate the temperature of the food or dish shown in the image, as there is no direct indication of the temperature. However, the image shows a person cooking a dish on a stove, which suggests that the food is being cooked at a high temperature. Typically, when cooking food on a stove, the
Q: Provide a detailed list of the ingredients of the food in the image. Only include a comma-separated list of items with no additional descriptions for each item in your response.
A: 
Q: Estimate the temperature of the dish in the image
A: It is not possible to accurately estimate the temperature of the dish in the image without additional information. However, the dish appears to be hot, as it is being prepared on a stove and there is steam rising from it. This suggests that the dish is likely at or near boiling point, which is typically around 100°C
- processing frame380.jpg...
Q: Identify only the food items visible in the image. Provide a comma-separated list of food items with no additional descriptions or details. Do not repeat any items in your response.
A: 
Q: Identify the main cooking action or stage occurring in the image. Choose one concise label, such as mixing, stirring, whisking, chopping, cutting, pouring, boiling, frying, sautéing, baking, kneading, serving, plating, or no clear cooking action. Return only the action label and nothing else.
A: Mixing
Q: Estimate the approximate temperature of the food or dish shown in the image, in degrees Celsius.
A: It is not possible to accurately estimate the temperature of the food in the image without additional information. The image shows a pan with food on a stove, but the stove's temperature is not visible. The food appears to be cooking, but the exact temperature cannot be determined from the image alone.
Q: Provide a detailed list of the ingredients of the food in the image. Only include a comma-separated list of items with no additional descriptions for each item in your response.
A: 
Q: Estimate the temperature of the dish in the image
A: The image shows a dish being cooked on a stove. However, it is not possible to accurately estimate the temperature of the dish from the image alone. The temperature of the dish would depend on the heat setting of the stove and the cooking time.
- processing frame400.jpg...
Q: Identify only the food items visible in the image. Provide a comma-separated list of food items with no additional descriptions or details. Do not repeat any items in your response.
A: tomato, peas, cauliflower
Q: Identify the main cooking action or stage occurring in the image. Choose one concise label, such as mixing, stirring, whisking, chopping, cutting, pouring, boiling, frying, sautéing, baking, kneading, serving, plating, or no clear cooking action. Return only the action label and nothing else.
A: Mixing
Q: Estimate the approximate temperature of the food or dish shown in the image, in degrees Celsius.
A: It is not possible to accurately estimate the temperature of the food in the image without additional information. The image shows a person stirring a pan of food, which includes ingredients such as tomatoes, peas, and cauliflower. The food appears to be in the process of cooking, but the exact temperature cannot be determined from the
Q: Provide a detailed list of the ingredients of the food in the image. Only include a comma-separated list of items with no additional descriptions for each item in your response.
A: 
Q: Estimate the temperature of the dish in the image
A: The image shows a dish being cooked on a stove. However, without a thermometer or any other temperature-measuring device, it is not possible to accurately estimate the temperature of the dish. The temperature of the dish would depend on the heat source, the type of cookware being used, and the cooking time.
- processing frame420.jpg...
Q: Identify only the food items visible in the image. Provide a comma-separated list of food items with no additional descriptions or details. Do not repeat any items in your response.
A: tomato, cheese, onion, green pepper, cauliflower
Q: Identify the main cooking action or stage occurring in the image. Choose one concise label, such as mixing, stirring, whisking, chopping, cutting, pouring, boiling, frying, sautéing, baking, kneading, serving, plating, or no clear cooking action. Return only the action label and nothing else.
A: Mixing
Q: Estimate the approximate temperature of the food or dish shown in the image, in degrees Celsius.
A: It is not possible to accurately estimate the temperature of the food in the image without additional information. The image shows a pan with food on a stove, but the temperature of the food is not visible. The temperature of the food would depend on the cooking method being used, the heat source, and the cooking time.
Q: Provide a detailed list of the ingredients of the food in the image. Only include a comma-separated list of items with no additional descriptions for each item in your response.
A: 
Q: Estimate the temperature of the dish in the image
A: The image shows a dish being cooked on a stove. However, it is not possible to accurately estimate the temperature of the dish based on the image alone. The temperature of the dish would depend on the heat setting of the stove and the cooking time.
- processing frame440.jpg...
Q: Identify only the food items visible in the image. Provide a comma-separated list of food items with no additional descriptions or details. Do not repeat any items in your response.
A: tomato, pea, carrot
Q: Identify the main cooking action or stage occurring in the image. Choose one concise label, such as mixing, stirring, whisking, chopping, cutting, pouring, boiling, frying, sautéing, baking, kneading, serving, plating, or no clear cooking action. Return only the action label and nothing else.
A: No clear cooking action
Q: Estimate the approximate temperature of the food or dish shown in the image, in degrees Celsius.
A: It is not possible to accurately estimate the temperature of the food in the image, as it is being cooked on a stove. The temperature of the food would depend on the heat setting of the stove and the cooking time. However, it is likely that the food is being cooked at a high temperature, such as boiling or frying
Q: Provide a detailed list of the ingredients of the food in the image. Only include a comma-separated list of items with no additional descriptions for each item in your response.
A: 
Q: Estimate the temperature of the dish in the image
A: The dish in the image appears to be hot, as it is being cooked on a stove. However, without a thermometer or other temperature-measuring device, it is not possible to accurately estimate the temperature of the dish.
- processing frame460.jpg...
Q: Identify only the food items visible in the image. Provide a comma-separated list of food items with no additional descriptions or details. Do not repeat any items in your response.
A: tomato, peas, onion, carrot, celery, bell pepper, garlic, chicken, beef, broccoli, mushroom, spinach, eggplant, zucchini, squash, potato, corn, cheese, sour cream, salsa, avocado, tortilla, rice, beans,
Q: Identify the main cooking action or stage occurring in the image. Choose one concise label, such as mixing, stirring, whisking, chopping, cutting, pouring, boiling, frying, sautéing, baking, kneading, serving, plating, or no clear cooking action. Return only the action label and nothing else.
A: Mixing
Q: Estimate the approximate temperature of the food or dish shown in the image, in degrees Celsius.
A: It is not possible to accurately estimate the temperature of the food in the image, as it is being cooked on a stove. The temperature of the food would depend on the cooking method and the heat setting on the stove. However, it is likely that the food is being cooked at a high temperature, such as boiling or frying
Q: Provide a detailed list of the ingredients of the food in the image. Only include a comma-separated list of items with no additional descriptions for each item in your response.
A: 
Q: Estimate the temperature of the dish in the image
A: The dish in the image appears to be hot, as it is being cooked on a stove. However, without a thermometer or other temperature-measuring device, it is not possible to accurately estimate the temperature of the dish.
- processing frame480.jpg...
Q: Identify only the food items visible in the image. Provide a comma-separated list of food items with no additional descriptions or details. Do not repeat any items in your response.
A: tomato, onion, peas, rice
Q: Identify the main cooking action or stage occurring in the image. Choose one concise label, such as mixing, stirring, whisking, chopping, cutting, pouring, boiling, frying, sautéing, baking, kneading, serving, plating, or no clear cooking action. Return only the action label and nothing else.
A: No clear cooking action
Q: Estimate the approximate temperature of the food or dish shown in the image, in degrees Celsius.
A: It is not possible to accurately estimate the temperature of the food in the image without additional information. The image shows a pan of food on a scale, but the temperature is not visible or discernible from the image alone.
Q: Provide a detailed list of the ingredients of the food in the image. Only include a comma-separated list of items with no additional descriptions for each item in your response.
A: 
Q: Estimate the temperature of the dish in the image
A: The dish in the image appears to be hot, as it is being cooked on a stove. However, without a thermometer or other temperature-measuring device, it is not possible to accurately estimate the temperature of the dish.
- processing frame500.jpg...
Q: Identify only the food items visible in the image. Provide a comma-separated list of food items with no additional descriptions or details. Do not repeat any items in your response.
A: tomato, pea, onion, carrot
Q: Identify the main cooking action or stage occurring in the image. Choose one concise label, such as mixing, stirring, whisking, chopping, cutting, pouring, boiling, frying, sautéing, baking, kneading, serving, plating, or no clear cooking action. Return only the action label and nothing else.
A: Mixing
Q: Estimate the approximate temperature of the food or dish shown in the image, in degrees Celsius.
A: The image shows a pan of food on a stove, but the temperature of the food is not visible. To estimate the temperature, one would need to observe the color of the food, the presence of steam, or the heat source. However, without these visual cues, it is not possible to accurately estimate the temperature of the food in the image
Q: Provide a detailed list of the ingredients of the food in the image. Only include a comma-separated list of items with no additional descriptions for each item in your response.
A: 
Q: Estimate the temperature of the dish in the image
A: The dish in the image appears to be hot, as it is being cooked on a stove. However, without a thermometer or other temperature-measuring device, it is not possible to accurately estimate the temperature of the dish.
- processing frame520.jpg...
Q: Identify only the food items visible in the image. Provide a comma-separated list of food items with no additional descriptions or details. Do not repeat any items in your response.
A: tomato, onion, peas, rice, water
Q: Identify the main cooking action or stage occurring in the image. Choose one concise label, such as mixing, stirring, whisking, chopping, cutting, pouring, boiling, frying, sautéing, baking, kneading, serving, plating, or no clear cooking action. Return only the action label and nothing else.
A: Mixing
Q: Estimate the approximate temperature of the food or dish shown in the image, in degrees Celsius.
A: The image shows a dish of food being cooked in a pan on a stove. The food appears to be a stir fry, which typically cooks at high heat. A common temperature for stir frying is around 350°F (175°C). However, it's important to note that the actual temperature of the
Q: Provide a detailed list of the ingredients of the food in the image. Only include a comma-separated list of items with no additional descriptions for each item in your response.
A: 
Q: Estimate the temperature of the dish in the image
A: The dish in the image appears to be hot, as it is being stirred with a yellow spoon, and the person is using a stove to cook the food. However, without a thermometer or other temperature-measuring device, it is not possible to accurately estimate the temperature of the dish.
- processing frame540.jpg...
Q: Identify only the food items visible in the image. Provide a comma-separated list of food items with no additional descriptions or details. Do not repeat any items in your response.
A: tomato, pea, onion, carrot, egg, cheese, bread
Q: Identify the main cooking action or stage occurring in the image. Choose one concise label, such as mixing, stirring, whisking, chopping, cutting, pouring, boiling, frying, sautéing, baking, kneading, serving, plating, or no clear cooking action. Return only the action label and nothing else.
A: Mixing
Q: Estimate the approximate temperature of the food or dish shown in the image, in degrees Celsius.
A: The image shows a dish of food being cooked in a pan on a stove. The food appears to be a stir fry, which typically cooks at high heat. A common temperature for stir frying is around 350°F (175°C). However, it's important to note that the actual temperature of the
Q: Provide a detailed list of the ingredients of the food in the image. Only include a comma-separated list of items with no additional descriptions for each item in your response.
A: 
Q: Estimate the temperature of the dish in the image
A: The dish in the image appears to be hot, as it is being stirred with a yellow spatula. The person stirring the dish is wearing an oven mitt, which suggests that the dish is hot enough to require protection from the heat. However, without a thermometer, it is not possible to estimate the exact temperature of the dish.
- processing frame560.jpg...
Q: Identify only the food items visible in the image. Provide a comma-separated list of food items with no additional descriptions or details. Do not repeat any items in your response.
A: tomato, onion, peppers, peas, corn
Q: Identify the main cooking action or stage occurring in the image. Choose one concise label, such as mixing, stirring, whisking, chopping, cutting, pouring, boiling, frying, sautéing, baking, kneading, serving, plating, or no clear cooking action. Return only the action label and nothing else.
A: Mix well
Q: Estimate the approximate temperature of the food or dish shown in the image, in degrees Celsius.
A: It is not possible to accurately estimate the temperature of the food in the image. The image shows a pan of food on a stove, but the temperature of the food would depend on the cooking method and the heat source. The food could be cooking at a high temperature, such as boiling or frying, or at a lower temperature
Q: Provide a detailed list of the ingredients of the food in the image. Only include a comma-separated list of items with no additional descriptions for each item in your response.
A: 
Q: Estimate the temperature of the dish in the image
A: The dish in the image appears to be hot, as it is being cooked on a stove. However, without a thermometer or other temperature-measuring device, it is not possible to accurately estimate the temperature of the dish.
- processing frame580.jpg...
Q: Identify only the food items visible in the image. Provide a comma-separated list of food items with no additional descriptions or details. Do not repeat any items in your response.
A: tomato, onion, pea, carrot
Q: Identify the main cooking action or stage occurring in the image. Choose one concise label, such as mixing, stirring, whisking, chopping, cutting, pouring, boiling, frying, sautéing, baking, kneading, serving, plating, or no clear cooking action. Return only the action label and nothing else.
A: Mix well
Q: Estimate the approximate temperature of the food or dish shown in the image, in degrees Celsius.
A: It is not possible to accurately estimate the temperature of the food in the image without additional information. However, the image shows a dish being cooked on a stove, which suggests that the food is being cooked at a high temperature, likely above 100 degrees Celsius.
Q: Provide a detailed list of the ingredients of the food in the image. Only include a comma-separated list of items with no additional descriptions for each item in your response.
A: 
Q: Estimate the temperature of the dish in the image
A: The dish in the image appears to be hot, as it is being cooked on a stove. However, without a thermometer or other temperature-measuring device, it is not possible to accurately estimate the temperature of the dish.
- processing frame600.jpg...
Q: Identify only the food items visible in the image. Provide a comma-separated list of food items with no additional descriptions or details. Do not repeat any items in your response.
A: peas, carrots, tomatoes
Q: Identify the main cooking action or stage occurring in the image. Choose one concise label, such as mixing, stirring, whisking, chopping, cutting, pouring, boiling, frying, sautéing, baking, kneading, serving, plating, or no clear cooking action. Return only the action label and nothing else.
A: Mix well
Q: Estimate the approximate temperature of the food or dish shown in the image, in degrees Celsius.
A: It is not possible to accurately estimate the temperature of the food in the image without additional information. The image shows a dish being cooked in a pan, but the temperature of the food is not visible. To determine the temperature, one would need to use a thermometer or other temperature-measuring device.
Q: Provide a detailed list of the ingredients of the food in the image. Only include a comma-separated list of items with no additional descriptions for each item in your response.
A: 
Q: Estimate the temperature of the dish in the image
A: The dish in the image appears to be hot, as it is being cooked on a stove. However, without a thermometer or other temperature-measuring device, it is not possible to accurately estimate the temperature of the dish.
- processing frame620.jpg...
Q: Identify only the food items visible in the image. Provide a comma-separated list of food items with no additional descriptions or details. Do not repeat any items in your response.
A: peas, tomatoes, carrots, onions, rice
Q: Identify the main cooking action or stage occurring in the image. Choose one concise label, such as mixing, stirring, whisking, chopping, cutting, pouring, boiling, frying, sautéing, baking, kneading, serving, plating, or no clear cooking action. Return only the action label and nothing else.
A: Mix well
Q: Estimate the approximate temperature of the food or dish shown in the image, in degrees Celsius.
A: It is not possible to accurately estimate the temperature of the food in the image without additional information. However, the dish appears to be hot, as it is being cooked on a stove.
Q: Provide a detailed list of the ingredients of the food in the image. Only include a comma-separated list of items with no additional descriptions for each item in your response.
A: 
Q: Estimate the temperature of the dish in the image
A: The dish in the image appears to be hot, as it is being cooked on a stove. However, without a thermometer or other temperature-measuring device, it is not possible to accurately estimate the temperature of the dish.
- processing frame640.jpg...
Q: Identify only the food items visible in the image. Provide a comma-separated list of food items with no additional descriptions or details. Do not repeat any items in your response.
A: tomato, peppers, onions, cheese, meat
Q: Identify the main cooking action or stage occurring in the image. Choose one concise label, such as mixing, stirring, whisking, chopping, cutting, pouring, boiling, frying, sautéing, baking, kneading, serving, plating, or no clear cooking action. Return only the action label and nothing else.
A: Mixing
Q: Estimate the approximate temperature of the food or dish shown in the image, in degrees Celsius.
A: It is not possible to accurately estimate the temperature of the food or dish shown in the image, as there is no visible indication of heat or temperature. The image only shows a person's hand stirring a dish in a pan, but there is no thermometer or other temperature-measuring device present.
Q: Provide a detailed list of the ingredients of the food in the image. Only include a comma-separated list of items with no additional descriptions for each item in your response.
A: 
Q: Estimate the temperature of the dish in the image
A: It is not possible to accurately estimate the temperature of the dish in the image without additional information. However, the image shows a person stirring a dish in a pan on a stove, which suggests that the dish is being cooked or heated. The temperature of the dish would depend on the cooking method, the heat source, and the cooking time
- processing frame660.jpg...
Q: Identify only the food items visible in the image. Provide a comma-separated list of food items with no additional descriptions or details. Do not repeat any items in your response.
A: 
Q: Identify the main cooking action or stage occurring in the image. Choose one concise label, such as mixing, stirring, whisking, chopping, cutting, pouring, boiling, frying, sautéing, baking, kneading, serving, plating, or no clear cooking action. Return only the action label and nothing else.
A: Boiling
Q: Estimate the approximate temperature of the food or dish shown in the image, in degrees Celsius.
A: It is not possible to accurately estimate the temperature of the food or dish shown in the image, as there is no direct indication of the temperature. The image only shows a close-up of a food item, possibly a pizza, being cooked in a pan or oven. To determine the temperature, one would need to use a thermometer
Q: Provide a detailed list of the ingredients of the food in the image. Only include a comma-separated list of items with no additional descriptions for each item in your response.
A: 
Q: Estimate the temperature of the dish in the image
A: The image shows a dish with a black center, which is likely a hot plate or a burner. The dish is placed on a wooden surface, and the wooden surface appears to be warm. However, without a thermometer or any other temperature-measuring device, it is not possible to accurately estimate the temperature of the dish.
- processing frame680.jpg...
Q: Identify only the food items visible in the image. Provide a comma-separated list of food items with no additional descriptions or details. Do not repeat any items in your response.
A: 
Q: Identify the main cooking action or stage occurring in the image. Choose one concise label, such as mixing, stirring, whisking, chopping, cutting, pouring, boiling, frying, sautéing, baking, kneading, serving, plating, or no clear cooking action. Return only the action label and nothing else.
A: Boiling
Q: Estimate the approximate temperature of the food or dish shown in the image, in degrees Celsius.
A: It is not possible to accurately estimate the temperature of the food or dish shown in the image, as the image does not provide any information about the temperature. The image only shows a close-up of a pan with a black knob, which is a part of a kitchen appliance.
Q: Provide a detailed list of the ingredients of the food in the image. Only include a comma-separated list of items with no additional descriptions for each item in your response.
A: 
Q: Estimate the temperature of the dish in the image
A: The image shows a dish with a black center, which is likely a hot plate or a burner. The dish appears to be hot, as indicated by the steam rising from it. However, without a thermometer or any other temperature-measuring device, it is not possible to accurately estimate the temperature of the dish. It is
- processing frame700.jpg...
Q: Identify only the food items visible in the image. Provide a comma-separated list of food items with no additional descriptions or details. Do not repeat any items in your response.
A: 
Q: Identify the main cooking action or stage occurring in the image. Choose one concise label, such as mixing, stirring, whisking, chopping, cutting, pouring, boiling, frying, sautéing, baking, kneading, serving, plating, or no clear cooking action. Return only the action label and nothing else.
A: Mixing
Q: Estimate the approximate temperature of the food or dish shown in the image, in degrees Celsius.
A: It is not possible to accurately estimate the temperature of the food or dish shown in the image, as there is no visible indication of the temperature. The image only shows a person's hand stirring a dish in a pan, but there are no temperature indicators such as a thermometer or a heat source.
Q: Provide a detailed list of the ingredients of the food in the image. Only include a comma-separated list of items with no additional descriptions for each item in your response.
A: 
Q: Estimate the temperature of the dish in the image
A: It is not possible to accurately estimate the temperature of the dish in the image without additional information or a thermometer. However, the dish appears to be hot, as evidenced by the steam rising from it. This suggests that the dish is likely above the boiling point of water, which is typically around 100 degrees C
- processing frame720.jpg...
Q: Identify only the food items visible in the image. Provide a comma-separated list of food items with no additional descriptions or details. Do not repeat any items in your response.
A: carrots
Q: Identify the main cooking action or stage occurring in the image. Choose one concise label, such as mixing, stirring, whisking, chopping, cutting, pouring, boiling, frying, sautéing, baking, kneading, serving, plating, or no clear cooking action. Return only the action label and nothing else.
A: Mixing
Q: Estimate the approximate temperature of the food or dish shown in the image, in degrees Celsius.
A: Based on the image, it is not possible to accurately estimate the temperature of the food or dish shown in the image. The image is blurry and lacks clear visual cues that would allow for an accurate temperature estimation.
Q: Provide a detailed list of the ingredients of the food in the image. Only include a comma-separated list of items with no additional descriptions for each item in your response.
A: 
Q: Estimate the temperature of the dish in the image
A: The image shows a dish in a pan, and it appears to be hot. However, without a thermometer or any other temperature-measuring device, it is not possible to accurately estimate the temperature of the dish. The dish could be anywhere from warm to boiling, depending on the cooking process and the type of food being cooked
- processing frame740.jpg...
Q: Identify only the food items visible in the image. Provide a comma-separated list of food items with no additional descriptions or details. Do not repeat any items in your response.
A: peas, carrots, tomatoes, onions, rice, chicken
Q: Identify the main cooking action or stage occurring in the image. Choose one concise label, such as mixing, stirring, whisking, chopping, cutting, pouring, boiling, frying, sautéing, baking, kneading, serving, plating, or no clear cooking action. Return only the action label and nothing else.
A: Mixing
Q: Estimate the approximate temperature of the food or dish shown in the image, in degrees Celsius.
A: It is not possible to accurately estimate the temperature of the food in the image. The image shows a pot of food on a scale, but the temperature is not visible or discernible from the image.
Q: Provide a detailed list of the ingredients of the food in the image. Only include a comma-separated list of items with no additional descriptions for each item in your response.
A: 
Q: Estimate the temperature of the dish in the image
A: The image shows a dish being cooked on a stove, but it is not possible to accurately estimate the temperature of the dish based on the image alone. The temperature of the dish would depend on the heat setting of the stove and the cooking time, which are not visible in the image.
- processing frame760.jpg...
Q: Identify only the food items visible in the image. Provide a comma-separated list of food items with no additional descriptions or details. Do not repeat any items in your response.
A: peas, carrots, tomatoes, onions, garlic, chicken, beef, broccoli, mushrooms, spinach, bell peppers, zucchini, eggplant, potatoes, corn, green beans, asparagus, artichokes, olives, capers, anchovies, sard
Q: Identify the main cooking action or stage occurring in the image. Choose one concise label, such as mixing, stirring, whisking, chopping, cutting, pouring, boiling, frying, sautéing, baking, kneading, serving, plating, or no clear cooking action. Return only the action label and nothing else.
A: Mixing
Q: Estimate the approximate temperature of the food or dish shown in the image, in degrees Celsius.
A: The image shows a pot of food being cooked on a stove. The food appears to be a stew or soup, and it is being stirred with a spoon. The exact temperature of the food cannot be determined from the image alone, as it would depend on the heat setting of the stove and the cooking time. However, a typical cooking temperature
Q: Provide a detailed list of the ingredients of the food in the image. Only include a comma-separated list of items with no additional descriptions for each item in your response.
A: 
Q: Estimate the temperature of the dish in the image
A: The dish in the image appears to be hot, as it is being cooked on a stove. However, without a thermometer or other temperature-measuring device, it is not possible to accurately estimate the temperature of the dish.
- processing frame780.jpg...
Q: Identify only the food items visible in the image. Provide a comma-separated list of food items with no additional descriptions or details. Do not repeat any items in your response.
A: tomatoes, onions, carrots, peas, rice, beans, corn, chicken, beef, cheese, eggs, milk, butter, oil, flour, sugar, salt, pepper, spices, herbs, garlic, ginger, lemon, lime, vinegar, wine, water, tea, coffee, soda
Q: Identify the main cooking action or stage occurring in the image. Choose one concise label, such as mixing, stirring, whisking, chopping, cutting, pouring, boiling, frying, sautéing, baking, kneading, serving, plating, or no clear cooking action. Return only the action label and nothing else.
A: Mixing
Q: Estimate the approximate temperature of the food or dish shown in the image, in degrees Celsius.
A: The image shows a pot of food being stirred, but it is not possible to accurately estimate the temperature of the food or dish shown in the image. The temperature of the food would depend on the cooking method being used, which is not visible in the image.
Q: Provide a detailed list of the ingredients of the food in the image. Only include a comma-separated list of items with no additional descriptions for each item in your response.
A: 
Q: Estimate the temperature of the dish in the image
A: The image shows a dish being cooked on a stove, but it is not possible to accurately estimate the temperature of the dish based on the image alone. The temperature of the dish would depend on the heat setting of the stove and the cooking time, which are not visible in the image.
- processing frame800.jpg...
Q: Identify only the food items visible in the image. Provide a comma-separated list of food items with no additional descriptions or details. Do not repeat any items in your response.
A: tomato, carrot, onion, rice
Q: Identify the main cooking action or stage occurring in the image. Choose one concise label, such as mixing, stirring, whisking, chopping, cutting, pouring, boiling, frying, sautéing, baking, kneading, serving, plating, or no clear cooking action. Return only the action label and nothing else.
A: Mixing
Q: Estimate the approximate temperature of the food or dish shown in the image, in degrees Celsius.
A: It is not possible to accurately estimate the temperature of the food in the image without additional information. The image shows a pot of food on a stove, but the temperature of the food cannot be determined from the image alone.
Q: Provide a detailed list of the ingredients of the food in the image. Only include a comma-separated list of items with no additional descriptions for each item in your response.
A: 
Q: Estimate the temperature of the dish in the image
A: It is not possible to accurately estimate the temperature of the dish in the image without additional information or a thermometer. However, the dish appears to be hot, as it is being cooked on a stove and there is steam rising from it.
- processing frame820.jpg...
Q: Identify only the food items visible in the image. Provide a comma-separated list of food items with no additional descriptions or details. Do not repeat any items in your response.
A: rice, carrots
Q: Identify the main cooking action or stage occurring in the image. Choose one concise label, such as mixing, stirring, whisking, chopping, cutting, pouring, boiling, frying, sautéing, baking, kneading, serving, plating, or no clear cooking action. Return only the action label and nothing else.
A: Mixing
Q: Estimate the approximate temperature of the food or dish shown in the image, in degrees Celsius.
A: The image shows a pot of food on a stove, but it is not possible to accurately estimate the temperature of the food or dish shown in the image. The temperature of the food would depend on the cooking method being used, which is not visible in the image.
Q: Provide a detailed list of the ingredients of the food in the image. Only include a comma-separated list of items with no additional descriptions for each item in your response.
A: 
Q: Estimate the temperature of the dish in the image
A: The image shows a dish being cooked on a stove, but it is not possible to accurately estimate the temperature of the dish based on the image alone. The temperature of the dish would depend on the heat setting of the stove and the cooking time, which are not visible in the image.
- processing frame840.jpg...
Q: Identify only the food items visible in the image. Provide a comma-separated list of food items with no additional descriptions or details. Do not repeat any items in your response.
A: rice, tomato, onion, carrot, meat
Q: Identify the main cooking action or stage occurring in the image. Choose one concise label, such as mixing, stirring, whisking, chopping, cutting, pouring, boiling, frying, sautéing, baking, kneading, serving, plating, or no clear cooking action. Return only the action label and nothing else.
A: Mixing
Q: Estimate the approximate temperature of the food or dish shown in the image, in degrees Celsius.
A: It is not possible to accurately estimate the temperature of the food in the image without additional information. The image shows a person cooking a dish on a stove, but the temperature of the food is not visible. The temperature of the food would depend on the cooking method, the heat source, and the cooking time.
Q: Provide a detailed list of the ingredients of the food in the image. Only include a comma-separated list of items with no additional descriptions for each item in your response.
A: 
Q: Estimate the temperature of the dish in the image
A: The image shows a dish being cooked on a stove. However, it is not possible to accurately estimate the temperature of the dish based on the image alone. The temperature of the dish would depend on the heat setting of the stove and the cooking time.
- processing frame860.jpg...
Q: Identify only the food items visible in the image. Provide a comma-separated list of food items with no additional descriptions or details. Do not repeat any items in your response.
A: carrots, rice, tomatoes
Q: Identify the main cooking action or stage occurring in the image. Choose one concise label, such as mixing, stirring, whisking, chopping, cutting, pouring, boiling, frying, sautéing, baking, kneading, serving, plating, or no clear cooking action. Return only the action label and nothing else.
A: Mixing
Q: Estimate the approximate temperature of the food or dish shown in the image, in degrees Celsius.
A: The image shows a pot of food on a stove, but it is not possible to accurately estimate the temperature of the food or dish shown in the image. The temperature of the food would depend on the cooking method being used, which is not visible in the image.
Q: Provide a detailed list of the ingredients of the food in the image. Only include a comma-separated list of items with no additional descriptions for each item in your response.
A: 
Q: Estimate the temperature of the dish in the image
A: The image shows a dish being cooked on a stove. However, it is not possible to accurately estimate the temperature of the dish based on the image alone. The temperature of the dish would depend on the heat setting of the stove and the cooking time.
- processing frame880.jpg...
Q: Identify only the food items visible in the image. Provide a comma-separated list of food items with no additional descriptions or details. Do not repeat any items in your response.
A: rice, chili, tomato
Q: Identify the main cooking action or stage occurring in the image. Choose one concise label, such as mixing, stirring, whisking, chopping, cutting, pouring, boiling, frying, sautéing, baking, kneading, serving, plating, or no clear cooking action. Return only the action label and nothing else.
A: Mixing
Q: Estimate the approximate temperature of the food or dish shown in the image, in degrees Celsius.
A: The image shows a pot of food on a stove, and the food appears to be hot. However, without a thermometer or any other means to accurately measure the temperature, it is not possible to estimate the approximate temperature of the food in degrees Celsius.
Q: Provide a detailed list of the ingredients of the food in the image. Only include a comma-separated list of items with no additional descriptions for each item in your response.
A: 
Q: Estimate the temperature of the dish in the image
A: The dish in the image is being cooked on a stove, and it appears to be boiling. Boiling typically occurs at a temperature of 100 degrees Celsius (212 degrees Fahrenheit). However, it is important to note that the actual temperature of the dish may vary depending on the heat source and the cooking process
- processing frame900.jpg...
Q: Identify only the food items visible in the image. Provide a comma-separated list of food items with no additional descriptions or details. Do not repeat any items in your response.
A: rice, chili, tomato
Q: Identify the main cooking action or stage occurring in the image. Choose one concise label, such as mixing, stirring, whisking, chopping, cutting, pouring, boiling, frying, sautéing, baking, kneading, serving, plating, or no clear cooking action. Return only the action label and nothing else.
A: Mixing
Q: Estimate the approximate temperature of the food or dish shown in the image, in degrees Celsius.
A: The image shows a person stirring a dish in a pan, which appears to be a chili powder dish. However, without a thermometer or any other temperature-indicating device, it is not possible to accurately estimate the temperature of the food in the image.
Q: Provide a detailed list of the ingredients of the food in the image. Only include a comma-separated list of items with no additional descriptions for each item in your response.
A: 
Q: Estimate the temperature of the dish in the image
A: The image shows a person stirring a dish in a pan on a stove. The dish appears to be a red curry, which is typically cooked at high temperatures. However, without a thermometer or other temperature-measuring device, it is not possible to accurately estimate the temperature of the dish. The dish is being cooked, so it
- processing frame920.jpg...
Q: Identify only the food items visible in the image. Provide a comma-separated list of food items with no additional descriptions or details. Do not repeat any items in your response.
A: rice, tomato, egg
Q: Identify the main cooking action or stage occurring in the image. Choose one concise label, such as mixing, stirring, whisking, chopping, cutting, pouring, boiling, frying, sautéing, baking, kneading, serving, plating, or no clear cooking action. Return only the action label and nothing else.
A: Mixing
Q: Estimate the approximate temperature of the food or dish shown in the image, in degrees Celsius.
A: It is not possible to accurately estimate the temperature of the food in the image without additional information. The image shows a pot of food on a stove, but the temperature of the food cannot be determined from the image alone.
Q: Provide a detailed list of the ingredients of the food in the image. Only include a comma-separated list of items with no additional descriptions for each item in your response.
A: 
Q: Estimate the temperature of the dish in the image
A: The image shows a dish being cooked on a stove. However, it is not possible to accurately estimate the temperature of the dish based on the image alone. The temperature of the dish would depend on the heat setting of the stove and the cooking time.
- processing frame940.jpg...
Q: Identify only the food items visible in the image. Provide a comma-separated list of food items with no additional descriptions or details. Do not repeat any items in your response.
A: 1/4, tomato, rice, spices
Q: Identify the main cooking action or stage occurring in the image. Choose one concise label, such as mixing, stirring, whisking, chopping, cutting, pouring, boiling, frying, sautéing, baking, kneading, serving, plating, or no clear cooking action. Return only the action label and nothing else.
A: Mixing
Q: Estimate the approximate temperature of the food or dish shown in the image, in degrees Celsius.
A: It is not possible to accurately estimate the temperature of the food in the image without additional information. The image shows a person stirring a dish in a pan, but there is no visible temperature indicator or any other context that would allow for an accurate temperature estimation.
Q: Provide a detailed list of the ingredients of the food in the image. Only include a comma-separated list of items with no additional descriptions for each item in your response.
A: 
Q: Estimate the temperature of the dish in the image
A: The image shows a dish being cooked on a stove. However, it is not possible to accurately estimate the temperature of the dish based on the image alone. The temperature of the dish would depend on the heat source, the type of cookware being used, and the cooking time. To determine the temperature, one would need to use a thermometer or
- processing frame960.jpg...
Q: Identify only the food items visible in the image. Provide a comma-separated list of food items with no additional descriptions or details. Do not repeat any items in your response.
A: rice, tomato, spices
Q: Identify the main cooking action or stage occurring in the image. Choose one concise label, such as mixing, stirring, whisking, chopping, cutting, pouring, boiling, frying, sautéing, baking, kneading, serving, plating, or no clear cooking action. Return only the action label and nothing else.
A: Mixing
Q: Estimate the approximate temperature of the food or dish shown in the image, in degrees Celsius.
A: It is not possible to accurately estimate the temperature of the food in the image without additional information. The image shows a pan of food on a stove, but the temperature of the stove or the food itself cannot be determined from the image alone.
Q: Provide a detailed list of the ingredients of the food in the image. Only include a comma-separated list of items with no additional descriptions for each item in your response.
A: 
Q: Estimate the temperature of the dish in the image
A: The image shows a dish being cooked on a stove. However, it is not possible to accurately estimate the temperature of the dish based on the image alone. The temperature of the dish would depend on the heat setting of the stove and the cooking time.
- processing frame980.jpg...
Q: Identify only the food items visible in the image. Provide a comma-separated list of food items with no additional descriptions or details. Do not repeat any items in your response.
A: rice, tomato, spices
Q: Identify the main cooking action or stage occurring in the image. Choose one concise label, such as mixing, stirring, whisking, chopping, cutting, pouring, boiling, frying, sautéing, baking, kneading, serving, plating, or no clear cooking action. Return only the action label and nothing else.
A: Mixing
Q: Estimate the approximate temperature of the food or dish shown in the image, in degrees Celsius.
A: The image shows a pan of food, which appears to be a type of Indian cuisine. However, without a thermometer or any other temperature-indicating device, it is not possible to accurately estimate the temperature of the food. The food could be hot, warm, or even cold, depending on the context and the specific dish being prepared.
Q: Provide a detailed list of the ingredients of the food in the image. Only include a comma-separated list of items with no additional descriptions for each item in your response.
A: 
Q: Estimate the temperature of the dish in the image
A: The dish in the image appears to be hot, as it is being stirred with a spoon. However, without a thermometer or other temperature-measuring device, it is not possible to accurately estimate the temperature of the dish.
- processing frame1000.jpg...
Q: Identify only the food items visible in the image. Provide a comma-separated list of food items with no additional descriptions or details. Do not repeat any items in your response.
A: rice, tomato
Q: Identify the main cooking action or stage occurring in the image. Choose one concise label, such as mixing, stirring, whisking, chopping, cutting, pouring, boiling, frying, sautéing, baking, kneading, serving, plating, or no clear cooking action. Return only the action label and nothing else.
A: Mixing
Q: Estimate the approximate temperature of the food or dish shown in the image, in degrees Celsius.
A: It is not possible to accurately estimate the temperature of the food in the image without additional information. The image shows a pan of food on a stove, but the temperature of the food is not visible. The temperature of the food would depend on the cooking method being used, the heat source, and the cooking time.
Q: Provide a detailed list of the ingredients of the food in the image. Only include a comma-separated list of items with no additional descriptions for each item in your response.
A: 
Q: Estimate the temperature of the dish in the image
A: The image shows a dish being cooked on a stove. However, it is not possible to accurately estimate the temperature of the dish based on the image alone. The temperature of the dish would depend on the heat setting of the stove and the cooking time.
- processing frame1020.jpg...
Q: Identify only the food items visible in the image. Provide a comma-separated list of food items with no additional descriptions or details. Do not repeat any items in your response.
A: rice, tomato, onion, carrot, meat, spices
Q: Identify the main cooking action or stage occurring in the image. Choose one concise label, such as mixing, stirring, whisking, chopping, cutting, pouring, boiling, frying, sautéing, baking, kneading, serving, plating, or no clear cooking action. Return only the action label and nothing else.
A: Mixing
Q: Estimate the approximate temperature of the food or dish shown in the image, in degrees Celsius.
A: The image shows a pan of food on a stove, with a spoon being used to stir the contents. The food appears to be a type of curry or stew, with visible spices and ingredients. However, without a thermometer or other temperature-measuring device, it is not possible to accurately estimate the temperature of the food in
Q: Provide a detailed list of the ingredients of the food in the image. Only include a comma-separated list of items with no additional descriptions for each item in your response.
A: 
Q: Estimate the temperature of the dish in the image
A: The image shows a dish being cooked on a stove. However, without a thermometer or any other temperature-measuring device, it is not possible to accurately estimate the temperature of the dish. The temperature of the dish would depend on the heat source, the type of cookware being used, and the cooking time. It is important to monitor
- processing frame1040.jpg...
Q: Identify only the food items visible in the image. Provide a comma-separated list of food items with no additional descriptions or details. Do not repeat any items in your response.
A: rice, tomato, onion, broccoli
Q: Identify the main cooking action or stage occurring in the image. Choose one concise label, such as mixing, stirring, whisking, chopping, cutting, pouring, boiling, frying, sautéing, baking, kneading, serving, plating, or no clear cooking action. Return only the action label and nothing else.
A: Mixing
Q: Estimate the approximate temperature of the food or dish shown in the image, in degrees Celsius.
A: It is not possible to accurately estimate the temperature of the food in the image without additional information. The image shows a pan of food on a stove, but the temperature of the food is not visible. The temperature of the food would depend on the cooking method being used, the heat source, and the cooking time.
Q: Provide a detailed list of the ingredients of the food in the image. Only include a comma-separated list of items with no additional descriptions for each item in your response.
A: 
Q: Estimate the temperature of the dish in the image
A: The dish in the image appears to be hot, as it is being cooked on a stove. However, without a thermometer or other temperature-measuring device, it is not possible to accurately estimate the temperature of the dish.
- processing frame1060.jpg...
Q: Identify only the food items visible in the image. Provide a comma-separated list of food items with no additional descriptions or details. Do not repeat any items in your response.
A: rice, tomato, spinach
Q: Identify the main cooking action or stage occurring in the image. Choose one concise label, such as mixing, stirring, whisking, chopping, cutting, pouring, boiling, frying, sautéing, baking, kneading, serving, plating, or no clear cooking action. Return only the action label and nothing else.
A: Mixing
Q: Estimate the approximate temperature of the food or dish shown in the image, in degrees Celsius.
A: It is not possible to accurately estimate the temperature of the food in the image without additional information. However, the dish appears to be hot, as it is being prepared on a stove and the person is using a spoon to stir it.
Q: Provide a detailed list of the ingredients of the food in the image. Only include a comma-separated list of items with no additional descriptions for each item in your response.
A: 
Q: Estimate the temperature of the dish in the image
A: It is not possible to accurately estimate the temperature of the dish in the image without additional information. However, the dish appears to be hot, as it is being prepared on a stove and there is a visible steam coming off the food. This suggests that the dish is likely at a high temperature, possibly around 200°F (
- processing frame1080.jpg...
Q: Identify only the food items visible in the image. Provide a comma-separated list of food items with no additional descriptions or details. Do not repeat any items in your response.
A: tomato, rice, herbs
Q: Identify the main cooking action or stage occurring in the image. Choose one concise label, such as mixing, stirring, whisking, chopping, cutting, pouring, boiling, frying, sautéing, baking, kneading, serving, plating, or no clear cooking action. Return only the action label and nothing else.
A: Mixing
Q: Estimate the approximate temperature of the food or dish shown in the image, in degrees Celsius.
A: It is not possible to accurately estimate the temperature of the food in the image without additional information. The image shows a pan of food on a stove, but the temperature of the food is not visible. The temperature of the food would depend on the cooking method being used, the heat source, and the cooking time.
Q: Provide a detailed list of the ingredients of the food in the image. Only include a comma-separated list of items with no additional descriptions for each item in your response.
A: 
Q: Estimate the temperature of the dish in the image
A: The dish in the image appears to be hot, as it is being cooked on a stove. However, without a thermometer or other temperature-measuring device, it is not possible to accurately estimate the temperature of the dish.
- processing frame1100.jpg...
Q: Identify only the food items visible in the image. Provide a comma-separated list of food items with no additional descriptions or details. Do not repeat any items in your response.
A: tomato, onion, meat, rice, sauce
Q: Identify the main cooking action or stage occurring in the image. Choose one concise label, such as mixing, stirring, whisking, chopping, cutting, pouring, boiling, frying, sautéing, baking, kneading, serving, plating, or no clear cooking action. Return only the action label and nothing else.
A: Mixing
Q: Estimate the approximate temperature of the food or dish shown in the image, in degrees Celsius.
A: It is not possible to accurately estimate the temperature of the food in the image without additional information. The image shows a pan of food on a scale, but the temperature of the food would depend on the cooking method, the type of food, and the cooking time. To determine the temperature of the food, one would need to use a
Q: Provide a detailed list of the ingredients of the food in the image. Only include a comma-separated list of items with no additional descriptions for each item in your response.
A: 
Q: Estimate the temperature of the dish in the image
A: The dish in the image appears to be hot, as it is being cooked on a stove. However, without a thermometer or other temperature-measuring device, it is not possible to accurately estimate the temperature of the dish.
- processing frame1120.jpg...
Q: Identify only the food items visible in the image. Provide a comma-separated list of food items with no additional descriptions or details. Do not repeat any items in your response.
A: tomato sauce, meat, vegetables
Q: Identify the main cooking action or stage occurring in the image. Choose one concise label, such as mixing, stirring, whisking, chopping, cutting, pouring, boiling, frying, sautéing, baking, kneading, serving, plating, or no clear cooking action. Return only the action label and nothing else.
A: Mixing
Q: Estimate the approximate temperature of the food or dish shown in the image, in degrees Celsius.
A: It is not possible to accurately estimate the temperature of the food or dish shown in the image, as there is no visible indication of the temperature. The image only shows a pot of food on a stove, but there is no thermometer or other temperature-measuring device present.
Q: Provide a detailed list of the ingredients of the food in the image. Only include a comma-separated list of items with no additional descriptions for each item in your response.
A: 
Q: Estimate the temperature of the dish in the image
A: The image shows a dish being cooked on a stove, but it is not possible to accurately estimate the temperature of the dish based on the image alone. The temperature of the dish would depend on the heat setting of the stove, the type of cookware being used, and the cooking time. To accurately estimate the temperature, one would need to measure the
- processing frame1140.jpg...
Q: Identify only the food items visible in the image. Provide a comma-separated list of food items with no additional descriptions or details. Do not repeat any items in your response.
A: tomato sauce, meat, onions, garlic
Q: Identify the main cooking action or stage occurring in the image. Choose one concise label, such as mixing, stirring, whisking, chopping, cutting, pouring, boiling, frying, sautéing, baking, kneading, serving, plating, or no clear cooking action. Return only the action label and nothing else.
A: Mixing
Q: Estimate the approximate temperature of the food or dish shown in the image, in degrees Celsius.
A: The image shows a pot of food on a stove, but the exact temperature cannot be determined from the image alone. However, it is likely that the food is being cooked at a high temperature, such as boiling or simmering, which would be around 100 degrees Celsius.
Q: Provide a detailed list of the ingredients of the food in the image. Only include a comma-separated list of items with no additional descriptions for each item in your response.
A: 
Q: Estimate the temperature of the dish in the image
A: The image shows a dish that appears to be hot, as indicated by the steam rising from it. However, without a thermometer or other temperature-measuring device, it is not possible to accurately estimate the temperature of the dish.
- processing frame1160.jpg...
Q: Identify only the food items visible in the image. Provide a comma-separated list of food items with no additional descriptions or details. Do not repeat any items in your response.
A: tomato, onion, carrot, celery, garlic, beef, chicken, broccoli, mushroom, bell pepper, spinach, zucchini, eggplant, potato, corn, peas, green beans, red onion, white onion, black bean, kidney bean, pinto bean, navy
Q: Identify the main cooking action or stage occurring in the image. Choose one concise label, such as mixing, stirring, whisking, chopping, cutting, pouring, boiling, frying, sautéing, baking, kneading, serving, plating, or no clear cooking action. Return only the action label and nothing else.
A: Mixing
Q: Estimate the approximate temperature of the food or dish shown in the image, in degrees Celsius.
A: The image shows a pot of food on a stove, with a person's hand visible in the process of cooking. The food appears to be in the process of being cooked, and it is not possible to determine the exact temperature of the food from the image alone. However, it is reasonable to assume that the food is being cooked at a high
Q: Provide a detailed list of the ingredients of the food in the image. Only include a comma-separated list of items with no additional descriptions for each item in your response.
A: 
Q: Estimate the temperature of the dish in the image
A: It is not possible to accurately estimate the temperature of the dish in the image without additional information or a thermometer. However, the dish appears to be hot, as it is being cooked on a stove and there is steam rising from it. This suggests that the dish is at a high temperature, likely above 100°C (
- processing frame1180.jpg...
Q: Identify only the food items visible in the image. Provide a comma-separated list of food items with no additional descriptions or details. Do not repeat any items in your response.
A: tomato, onion, carrot, celery, garlic, beef, chicken, broccoli, mushroom, bell pepper, spinach, zucchini, eggplant, potato, corn, peas, green beans, red onion, white onion, black bean, kidney bean, pinto bean, navy
Q: Identify the main cooking action or stage occurring in the image. Choose one concise label, such as mixing, stirring, whisking, chopping, cutting, pouring, boiling, frying, sautéing, baking, kneading, serving, plating, or no clear cooking action. Return only the action label and nothing else.
A: Mixing
Q: Estimate the approximate temperature of the food or dish shown in the image, in degrees Celsius.
A: It is not possible to accurately estimate the temperature of the food or dish shown in the image, as it is being cooked on a stove. The temperature of the food would depend on the cooking method and the heat setting on the stove. However, it is likely that the food is being cooked at a high temperature, such as boiling
Q: Provide a detailed list of the ingredients of the food in the image. Only include a comma-separated list of items with no additional descriptions for each item in your response.
A: 
Q: Estimate the temperature of the dish in the image
A: It is not possible to accurately estimate the temperature of the dish in the image without additional information or a thermometer. However, the dish appears to be hot, as it is being cooked on a stove and there is steam rising from it. This suggests that the dish is at a high temperature, likely above 100°C (
- processing frame1200.jpg...
Q: Identify only the food items visible in the image. Provide a comma-separated list of food items with no additional descriptions or details. Do not repeat any items in your response.
A: tomato, rice, meat
Q: Identify the main cooking action or stage occurring in the image. Choose one concise label, such as mixing, stirring, whisking, chopping, cutting, pouring, boiling, frying, sautéing, baking, kneading, serving, plating, or no clear cooking action. Return only the action label and nothing else.
A: Mixing
Q: Estimate the approximate temperature of the food or dish shown in the image, in degrees Celsius.
A: It is not possible to accurately estimate the temperature of the food or dish shown in the image, as it is being cooked on a stove. The temperature of the food would depend on the cooking method and the heat setting on the stove. However, it is likely that the food is being cooked at a high temperature, such as boiling
Q: Provide a detailed list of the ingredients of the food in the image. Only include a comma-separated list of items with no additional descriptions for each item in your response.
A: 
Q: Estimate the temperature of the dish in the image
A: The dish in the image appears to be hot, as it is being cooked on a stove. However, without a thermometer or other temperature-measuring device, it is not possible to accurately estimate the temperature of the dish.
- processing frame1220.jpg...
Q: Identify only the food items visible in the image. Provide a comma-separated list of food items with no additional descriptions or details. Do not repeat any items in your response.
A: tomato, rice, meat
Q: Identify the main cooking action or stage occurring in the image. Choose one concise label, such as mixing, stirring, whisking, chopping, cutting, pouring, boiling, frying, sautéing, baking, kneading, serving, plating, or no clear cooking action. Return only the action label and nothing else.
A: Mixing
Q: Estimate the approximate temperature of the food or dish shown in the image, in degrees Celsius.
A: It is not possible to accurately estimate the temperature of the food or dish shown in the image, as it is not possible to determine the temperature of the food without additional information or a thermometer.
Q: Provide a detailed list of the ingredients of the food in the image. Only include a comma-separated list of items with no additional descriptions for each item in your response.
A: 
Q: Estimate the temperature of the dish in the image
A: It is not possible to accurately estimate the temperature of the dish in the image without additional information or a thermometer. However, the dish appears to be hot, as it is being cooked on a stove and is described as "sides" which suggests that it is a side dish that is being prepared.
- processing frame1240.jpg...
Q: Identify only the food items visible in the image. Provide a comma-separated list of food items with no additional descriptions or details. Do not repeat any items in your response.
A: rice, meat
Q: Identify the main cooking action or stage occurring in the image. Choose one concise label, such as mixing, stirring, whisking, chopping, cutting, pouring, boiling, frying, sautéing, baking, kneading, serving, plating, or no clear cooking action. Return only the action label and nothing else.
A: Mixing
Q: Estimate the approximate temperature of the food or dish shown in the image, in degrees Celsius.
A: It is not possible to accurately estimate the temperature of the food in the image without additional information. The image shows a pan of food on a stove, but the temperature of the food is not visible. The stove's temperature settings are not visible either, so it is not possible to determine the temperature of the stove or the food.
Q: Provide a detailed list of the ingredients of the food in the image. Only include a comma-separated list of items with no additional descriptions for each item in your response.
A: 
Q: Estimate the temperature of the dish in the image
A: The dish in the image appears to be very hot, as it is being cooked on a stove. However, without a thermometer or other temperature-measuring device, it is impossible to accurately estimate the temperature of the dish. It is important to handle hot dishes carefully to avoid burns.
- processing frame1260.jpg...
Q: Identify only the food items visible in the image. Provide a comma-separated list of food items with no additional descriptions or details. Do not repeat any items in your response.
A: rice, butter
Q: Identify the main cooking action or stage occurring in the image. Choose one concise label, such as mixing, stirring, whisking, chopping, cutting, pouring, boiling, frying, sautéing, baking, kneading, serving, plating, or no clear cooking action. Return only the action label and nothing else.
A: Mixing
Q: Estimate the approximate temperature of the food or dish shown in the image, in degrees Celsius.
A: It is not possible to accurately estimate the temperature of the food in the image without additional information. However, the image shows a pan of food on a stove, which suggests that the food is being cooked or heated. The temperature of the food would depend on the cooking method and the specific ingredients used.
Q: Provide a detailed list of the ingredients of the food in the image. Only include a comma-separated list of items with no additional descriptions for each item in your response.
A: 
Q: Estimate the temperature of the dish in the image
A: The dish in the image appears to be hot, as it is being stirred with a spatula. However, without a thermometer or other temperature-measuring device, it is not possible to accurately estimate the temperature of the dish.
- processing frame1280.jpg...
Q: Identify only the food items visible in the image. Provide a comma-separated list of food items with no additional descriptions or details. Do not repeat any items in your response.
A: butter, rice, tomato
Q: Identify the main cooking action or stage occurring in the image. Choose one concise label, such as mixing, stirring, whisking, chopping, cutting, pouring, boiling, frying, sautéing, baking, kneading, serving, plating, or no clear cooking action. Return only the action label and nothing else.
A: Mixing
Q: Estimate the approximate temperature of the food or dish shown in the image, in degrees Celsius.
A: The image shows a pan of food, which appears to be a dish of butter and rice. The butter is melting, and the rice is being cooked. The exact temperature of the food is not possible to determine from the image alone. However, a typical cooking temperature for butter and rice would be around 160-1
Q: Provide a detailed list of the ingredients of the food in the image. Only include a comma-separated list of items with no additional descriptions for each item in your response.
A: 
Q: Estimate the temperature of the dish in the image
A: The image shows a dish of food being cooked on a stove. The food appears to be at a high temperature, as it is sizzling and the butter is melting. This suggests that the dish is being cooked at a high heat, which is typical for cooking rice or other dishes that require a high temperature for proper cooking. However, without
- processing frame1300.jpg...
Q: Identify only the food items visible in the image. Provide a comma-separated list of food items with no additional descriptions or details. Do not repeat any items in your response.
A: rice, meat, cheese
Q: Identify the main cooking action or stage occurring in the image. Choose one concise label, such as mixing, stirring, whisking, chopping, cutting, pouring, boiling, frying, sautéing, baking, kneading, serving, plating, or no clear cooking action. Return only the action label and nothing else.
A: Mixing
Q: Estimate the approximate temperature of the food or dish shown in the image, in degrees Celsius.
A: It is not possible to accurately estimate the temperature of the food in the image without additional information. The image shows a pan of food on a stove, but the temperature of the food is not visible. The stove's temperature settings are not visible either, so it is not possible to determine the temperature of the stove or the food.
Q: Provide a detailed list of the ingredients of the food in the image. Only include a comma-separated list of items with no additional descriptions for each item in your response.
A: 
Q: Estimate the temperature of the dish in the image
A: The dish in the image appears to be hot, as it is being cooked on a stove. However, without a thermometer or other temperature-measuring device, it is not possible to accurately estimate the temperature of the dish.
- processing frame1320.jpg...
Q: Identify only the food items visible in the image. Provide a comma-separated list of food items with no additional descriptions or details. Do not repeat any items in your response.
A: 
Q: Identify the main cooking action or stage occurring in the image. Choose one concise label, such as mixing, stirring, whisking, chopping, cutting, pouring, boiling, frying, sautéing, baking, kneading, serving, plating, or no clear cooking action. Return only the action label and nothing else.
A: Mixing
Q: Estimate the approximate temperature of the food or dish shown in the image, in degrees Celsius.
A: The image shows a dish of chili powder being prepared. The temperature of the chili powder is not directly visible in the image. However, it is common for chili powder to be prepared at a high temperature to ensure even cooking and to develop the flavors of the spices. A typical cooking temperature for chili powder would be around
Q: Provide a detailed list of the ingredients of the food in the image. Only include a comma-separated list of items with no additional descriptions for each item in your response.
A: 
Q: Estimate the temperature of the dish in the image
A: The dish in the image appears to be hot, as it is being cooked on a stove and there is steam rising from it. However, without a thermometer, it is not possible to accurately estimate the temperature of the dish.
- processing frame1340.jpg...
Q: Identify only the food items visible in the image. Provide a comma-separated list of food items with no additional descriptions or details. Do not repeat any items in your response.
A: rice, tomato, cheese
Q: Identify the main cooking action or stage occurring in the image. Choose one concise label, such as mixing, stirring, whisking, chopping, cutting, pouring, boiling, frying, sautéing, baking, kneading, serving, plating, or no clear cooking action. Return only the action label and nothing else.
A: Mixing
Q: Estimate the approximate temperature of the food or dish shown in the image, in degrees Celsius.
A: The image shows a dish of food being cooked on a stove. The food appears to be a mixture of rice, vegetables, and possibly meat. However, without a thermometer or any other temperature-indicating device, it is not possible to accurately estimate the temperature of the food. The temperature of the food would depend on the cooking
Q: Provide a detailed list of the ingredients of the food in the image. Only include a comma-separated list of items with no additional descriptions for each item in your response.
A: 
Q: Estimate the temperature of the dish in the image
A: The dish in the image appears to be hot, as it is being cooked on a stove. However, without a thermometer or other temperature-measuring device, it is not possible to accurately estimate the temperature of the dish.
- processing frame1360.jpg...
Q: Identify only the food items visible in the image. Provide a comma-separated list of food items with no additional descriptions or details. Do not repeat any items in your response.
A: tomato, cheese, rice
Q: Identify the main cooking action or stage occurring in the image. Choose one concise label, such as mixing, stirring, whisking, chopping, cutting, pouring, boiling, frying, sautéing, baking, kneading, serving, plating, or no clear cooking action. Return only the action label and nothing else.
A: Mixing
Q: Estimate the approximate temperature of the food or dish shown in the image, in degrees Celsius.
A: It is not possible to accurately estimate the temperature of the food in the image without additional information. However, considering that the dish appears to be freshly cooked, it is likely that the food is hot, possibly above 60 degrees Celsius.
Q: Provide a detailed list of the ingredients of the food in the image. Only include a comma-separated list of items with no additional descriptions for each item in your response.
A: 
Q: Estimate the temperature of the dish in the image
A: The dish in the image appears to be hot, as it is being stirred with a spoon, and the person is using a stove to cook it. However, without a thermometer or other temperature-measuring device, it is not possible to accurately estimate the temperature of the dish.
- processing frame1380.jpg...
Q: Identify only the food items visible in the image. Provide a comma-separated list of food items with no additional descriptions or details. Do not repeat any items in your response.
A: rice, meat, sauce
Q: Identify the main cooking action or stage occurring in the image. Choose one concise label, such as mixing, stirring, whisking, chopping, cutting, pouring, boiling, frying, sautéing, baking, kneading, serving, plating, or no clear cooking action. Return only the action label and nothing else.
A: Mixing
Q: Estimate the approximate temperature of the food or dish shown in the image, in degrees Celsius.
A: The image shows a dish that appears to be a type of curry or stew, with a variety of ingredients including what looks like meat, vegetables, and possibly some spices. However, without a thermometer or other temperature-measuring device, it is not possible to accurately estimate the temperature of the dish. The dish
Q: Provide a detailed list of the ingredients of the food in the image. Only include a comma-separated list of items with no additional descriptions for each item in your response.
A: 
Q: Estimate the temperature of the dish in the image
A: The dish in the image appears to be hot, as it is being cooked on a stove. However, without a thermometer or other temperature-measuring device, it is not possible to accurately estimate the temperature of the dish.
- processing frame1400.jpg...
Q: Identify only the food items visible in the image. Provide a comma-separated list of food items with no additional descriptions or details. Do not repeat any items in your response.
A: tomato, rice, meat, cheese
Q: Identify the main cooking action or stage occurring in the image. Choose one concise label, such as mixing, stirring, whisking, chopping, cutting, pouring, boiling, frying, sautéing, baking, kneading, serving, plating, or no clear cooking action. Return only the action label and nothing else.
A: Mixing
Q: Estimate the approximate temperature of the food or dish shown in the image, in degrees Celsius.
A: It is not possible to accurately estimate the temperature of the food in the image without additional information. However, considering that the dish appears to be hot and ready to be eaten, it is likely that the temperature is above 60 degrees Celsius.
Q: Provide a detailed list of the ingredients of the food in the image. Only include a comma-separated list of items with no additional descriptions for each item in your response.
A: 
Q: Estimate the temperature of the dish in the image
A: The dish in the image appears to be hot, as it is being cooked on a stove. However, without a thermometer or other temperature-measuring device, it is not possible to accurately estimate the temperature of the dish.
- processing frame1420.jpg...
Q: Identify only the food items visible in the image. Provide a comma-separated list of food items with no additional descriptions or details. Do not repeat any items in your response.
A: tomato, rice, cheese
Q: Identify the main cooking action or stage occurring in the image. Choose one concise label, such as mixing, stirring, whisking, chopping, cutting, pouring, boiling, frying, sautéing, baking, kneading, serving, plating, or no clear cooking action. Return only the action label and nothing else.
A: Mixing
Q: Estimate the approximate temperature of the food or dish shown in the image, in degrees Celsius.
A: The image shows a pan of food on a stove, but the temperature of the food is not directly visible. However, we can infer that the food is likely to be hot or warm, as it is being cooked on a stove. A rough estimate of the temperature of the food would be around 150-200
Q: Provide a detailed list of the ingredients of the food in the image. Only include a comma-separated list of items with no additional descriptions for each item in your response.
A: 
Q: Estimate the temperature of the dish in the image
A: The image shows a dish with a red sauce, possibly a tomato-based sauce, being cooked in a pan on a stove. The sauce is bubbling, which indicates that it is being heated. However, without a thermometer or other temperature-measuring device, it is not possible to accurately estimate the temperature of the dish
- processing frame1440.jpg...
Q: Identify only the food items visible in the image. Provide a comma-separated list of food items with no additional descriptions or details. Do not repeat any items in your response.
A: tomato, cheese, ginger, garlic, pasta
Q: Identify the main cooking action or stage occurring in the image. Choose one concise label, such as mixing, stirring, whisking, chopping, cutting, pouring, boiling, frying, sautéing, baking, kneading, serving, plating, or no clear cooking action. Return only the action label and nothing else.
A: Mixing
Q: Estimate the approximate temperature of the food or dish shown in the image, in degrees Celsius.
A: The image shows a pan of food, which appears to be a dish of ginger garlic paste. The food is being cooked on a stove, and the stove is likely to be on a medium to high heat setting. However, without more information or a clearer view of the stove, it is difficult to estimate the exact temperature of
Q: Provide a detailed list of the ingredients of the food in the image. Only include a comma-separated list of items with no additional descriptions for each item in your response.
A: 
Q: Estimate the temperature of the dish in the image
A: The dish in the image appears to be hot, as it is being cooked on a stove. However, without a thermometer or other temperature-measuring device, it is not possible to accurately estimate the temperature of the dish.
- processing frame1460.jpg...
Q: Identify only the food items visible in the image. Provide a comma-separated list of food items with no additional descriptions or details. Do not repeat any items in your response.
A: tomato, rice, cheese
Q: Identify the main cooking action or stage occurring in the image. Choose one concise label, such as mixing, stirring, whisking, chopping, cutting, pouring, boiling, frying, sautéing, baking, kneading, serving, plating, or no clear cooking action. Return only the action label and nothing else.
A: Mixing
Q: Estimate the approximate temperature of the food or dish shown in the image, in degrees Celsius.
A: It is not possible to accurately estimate the temperature of the food or dish shown in the image, as there is no direct method to measure the temperature of food. However, the image shows a dish that appears to be hot, and it is being prepared on a stove, which suggests that the food is likely to be at a high temperature
Q: Provide a detailed list of the ingredients of the food in the image. Only include a comma-separated list of items with no additional descriptions for each item in your response.
A: 
Q: Estimate the temperature of the dish in the image
A: The dish in the image appears to be hot, as it is being cooked on a stove. However, without a thermometer or other temperature-measuring device, it is not possible to accurately estimate the temperature of the dish.
- processing frame1480.jpg...
Q: Identify only the food items visible in the image. Provide a comma-separated list of food items with no additional descriptions or details. Do not repeat any items in your response.
A: 
Q: Identify the main cooking action or stage occurring in the image. Choose one concise label, such as mixing, stirring, whisking, chopping, cutting, pouring, boiling, frying, sautéing, baking, kneading, serving, plating, or no clear cooking action. Return only the action label and nothing else.
A: Chopping
Q: Estimate the approximate temperature of the food or dish shown in the image, in degrees Celsius.
A: It is not possible to accurately estimate the temperature of the food or dish shown in the image, as there is no direct indication of the temperature. However, the image shows a person cooking food on a stove, which suggests that the food is being cooked at a high temperature. Typically, when cooking food on a stove, the temperature
Q: Provide a detailed list of the ingredients of the food in the image. Only include a comma-separated list of items with no additional descriptions for each item in your response.
A: 
Q: Estimate the temperature of the dish in the image
A: The dish in the image appears to be hot, as it is being cooked on a stove. However, without a thermometer or other temperature-measuring device, it is not possible to accurately estimate the temperature of the dish.
- processing frame1500.jpg...
Q: Identify only the food items visible in the image. Provide a comma-separated list of food items with no additional descriptions or details. Do not repeat any items in your response.
A: tomato, onion, rice, green onion
Q: Identify the main cooking action or stage occurring in the image. Choose one concise label, such as mixing, stirring, whisking, chopping, cutting, pouring, boiling, frying, sautéing, baking, kneading, serving, plating, or no clear cooking action. Return only the action label and nothing else.
A: Mixing
Q: Estimate the approximate temperature of the food or dish shown in the image, in degrees Celsius.
A: The image shows a dish that appears to be a type of curry or stew, with various ingredients such as onions, tomatoes, and possibly meat or vegetables. The dish is being cooked on a stove, and the stove is set to a specific temperature. However, the exact temperature setting is not visible in the image.
Q: Provide a detailed list of the ingredients of the food in the image. Only include a comma-separated list of items with no additional descriptions for each item in your response.
A: 
Q: Estimate the temperature of the dish in the image
A: The image shows a dish being cooked on a stove, but the exact temperature of the dish cannot be determined from the image alone. The temperature of the dish would depend on the heat setting of the stove and the cooking time. However, it is clear that the dish is being cooked, as evidenced by the presence of the stove and
- processing frame1520.jpg...
Q: Identify only the food items visible in the image. Provide a comma-separated list of food items with no additional descriptions or details. Do not repeat any items in your response.
A: 1 tbsps, finely chopped
Q: Identify the main cooking action or stage occurring in the image. Choose one concise label, such as mixing, stirring, whisking, chopping, cutting, pouring, boiling, frying, sautéing, baking, kneading, serving, plating, or no clear cooking action. Return only the action label and nothing else.
A: Mixing
Q: Estimate the approximate temperature of the food or dish shown in the image, in degrees Celsius.
A: It is not possible to accurately estimate the temperature of the food in the image without additional information. However, the dish appears to be hot, as it is being stirred and the person is using a spoon to mix it. This suggests that the food is likely at a temperature that is hot to the touch, which could be around
Q: Provide a detailed list of the ingredients of the food in the image. Only include a comma-separated list of items with no additional descriptions for each item in your response.
A: 
Q: Estimate the temperature of the dish in the image
A: It is not possible to accurately estimate the temperature of the dish in the image without additional information. However, the dish appears to be hot, as it is being stirred and the person is using a spoon to mix the ingredients. This suggests that the dish is likely to be at a temperature that is hot enough to cook the ingredients properly.
- processing frame1540.jpg...
Q: Identify only the food items visible in the image. Provide a comma-separated list of food items with no additional descriptions or details. Do not repeat any items in your response.
A: onions, rice, tomatoes, green onions
Q: Identify the main cooking action or stage occurring in the image. Choose one concise label, such as mixing, stirring, whisking, chopping, cutting, pouring, boiling, frying, sautéing, baking, kneading, serving, plating, or no clear cooking action. Return only the action label and nothing else.
A: Mixing
Q: Estimate the approximate temperature of the food or dish shown in the image, in degrees Celsius.
A: It is not possible to accurately estimate the temperature of the food in the image without additional information. The image shows a pan of food on a scale, but the temperature of the food would depend on the cooking method, the type of food, and the cooking time. To determine the temperature of the food, one would need to use a
Q: Provide a detailed list of the ingredients of the food in the image. Only include a comma-separated list of items with no additional descriptions for each item in your response.
A: 
Q: Estimate the temperature of the dish in the image
A: The dish in the image appears to be hot, as it is being cooked on a stove. However, without a thermometer or other temperature-measuring device, it is not possible to accurately estimate the temperature of the dish.
- processing frame1560.jpg...
Q: Identify only the food items visible in the image. Provide a comma-separated list of food items with no additional descriptions or details. Do not repeat any items in your response.
A: Lemon, onion, rice
Q: Identify the main cooking action or stage occurring in the image. Choose one concise label, such as mixing, stirring, whisking, chopping, cutting, pouring, boiling, frying, sautéing, baking, kneading, serving, plating, or no clear cooking action. Return only the action label and nothing else.
A: Mixing
Q: Estimate the approximate temperature of the food or dish shown in the image, in degrees Celsius.
A: It is not possible to accurately estimate the temperature of the food in the image without additional information. However, the food appears to be hot, as it is being cooked in a pan on a stove.
Q: Provide a detailed list of the ingredients of the food in the image. Only include a comma-separated list of items with no additional descriptions for each item in your response.
A: 
Q: Estimate the temperature of the dish in the image
A: The dish in the image appears to be hot, as it is being stirred with a yellow lemon. The presence of the lemon suggests that it is being used to add flavor to the dish, which is typically done with hot or warm food. However, without a thermometer or other temperature-measuring device, it is not possible to accurately
- processing frame1580.jpg...
Q: Identify only the food items visible in the image. Provide a comma-separated list of food items with no additional descriptions or details. Do not repeat any items in your response.
A: tomato, onion, rice, lemon
Q: Identify the main cooking action or stage occurring in the image. Choose one concise label, such as mixing, stirring, whisking, chopping, cutting, pouring, boiling, frying, sautéing, baking, kneading, serving, plating, or no clear cooking action. Return only the action label and nothing else.
A: Mixing
Q: Estimate the approximate temperature of the food or dish shown in the image, in degrees Celsius.
A: It is not possible to accurately estimate the temperature of the food in the image without additional information. However, the image shows a person stirring a dish that appears to be a tomato-based sauce or stew, which is likely to be hot. If the dish is being cooked on a stove, the temperature could range from
Q: Provide a detailed list of the ingredients of the food in the image. Only include a comma-separated list of items with no additional descriptions for each item in your response.
A: 
Q: Estimate the temperature of the dish in the image
A: The image shows a person cooking a dish on a stove. The dish appears to be a tomato-based sauce, possibly a tomato sauce or a curry. However, it is not possible to accurately estimate the temperature of the dish based on the image alone. The temperature of the dish would depend on the cooking method being used, the heat
- processing frame1600.jpg...
Q: Identify only the food items visible in the image. Provide a comma-separated list of food items with no additional descriptions or details. Do not repeat any items in your response.
A: tomato, onion, rice, lemon
Q: Identify the main cooking action or stage occurring in the image. Choose one concise label, such as mixing, stirring, whisking, chopping, cutting, pouring, boiling, frying, sautéing, baking, kneading, serving, plating, or no clear cooking action. Return only the action label and nothing else.
A: Mixing
Q: Estimate the approximate temperature of the food or dish shown in the image, in degrees Celsius.
A: It is not possible to accurately estimate the temperature of the food in the image without additional information. However, the image shows a person stirring a dish that appears to be hot, suggesting that the food is likely to be at a high temperature, possibly above 100 degrees Celsius.
Q: Provide a detailed list of the ingredients of the food in the image. Only include a comma-separated list of items with no additional descriptions for each item in your response.
A: 
Q: Estimate the temperature of the dish in the image
A: The image shows a person cooking a dish on a stove. The dish appears to be a tomato-based sauce, possibly a curry or a stew. The temperature of the dish is not directly visible in the image, but it is likely that the dish is being cooked at a high temperature, as the person is stirring the dish,
- processing frame1620.jpg...
Q: Identify only the food items visible in the image. Provide a comma-separated list of food items with no additional descriptions or details. Do not repeat any items in your response.
A: onions, rice, tomatoes, green onions, carrots, potatoes, eggs
Q: Identify the main cooking action or stage occurring in the image. Choose one concise label, such as mixing, stirring, whisking, chopping, cutting, pouring, boiling, frying, sautéing, baking, kneading, serving, plating, or no clear cooking action. Return only the action label and nothing else.
A: Mixing
Q: Estimate the approximate temperature of the food or dish shown in the image, in degrees Celsius.
A: It is not possible to accurately estimate the temperature of the food in the image without additional information. The image shows a pan of food on a stove, but the temperature of the food is not visible. The temperature of the food would depend on the cooking method being used, the heat source, and the cooking time.
Q: Provide a detailed list of the ingredients of the food in the image. Only include a comma-separated list of items with no additional descriptions for each item in your response.
A: 
Q: Estimate the temperature of the dish in the image
A: The dish in the image appears to be hot, as it is being cooked on a stove. However, without a thermometer or other temperature-measuring device, it is not possible to accurately estimate the temperature of the dish.
- processing frame1640.jpg...
Q: Identify only the food items visible in the image. Provide a comma-separated list of food items with no additional descriptions or details. Do not repeat any items in your response.
A: rice, onions, tomatoes, carrots, green onions, cilantro, spices
Q: Identify the main cooking action or stage occurring in the image. Choose one concise label, such as mixing, stirring, whisking, chopping, cutting, pouring, boiling, frying, sautéing, baking, kneading, serving, plating, or no clear cooking action. Return only the action label and nothing else.
A: Mixing
Q: Estimate the approximate temperature of the food or dish shown in the image, in degrees Celsius.
A: It is not possible to accurately estimate the temperature of the food in the image without additional information. The image shows a pan of food on a scale, but the temperature is not visible or discernible from the image alone.
Q: Provide a detailed list of the ingredients of the food in the image. Only include a comma-separated list of items with no additional descriptions for each item in your response.
A: 
Q: Estimate the temperature of the dish in the image
A: The image shows a dish being cooked on a stove, but the temperature of the dish cannot be accurately estimated from the image alone. The temperature of the dish would depend on the heat setting of the stove and the cooking time. To estimate the temperature, one would need to know the heat setting of the stove and the cooking time.
- processing frame1660.jpg...
Q: Identify only the food items visible in the image. Provide a comma-separated list of food items with no additional descriptions or details. Do not repeat any items in your response.
A: tomato, onion, meat, rice, sauce
Q: Identify the main cooking action or stage occurring in the image. Choose one concise label, such as mixing, stirring, whisking, chopping, cutting, pouring, boiling, frying, sautéing, baking, kneading, serving, plating, or no clear cooking action. Return only the action label and nothing else.
A: Mixing
Q: Estimate the approximate temperature of the food or dish shown in the image, in degrees Celsius.
A: It is not possible to accurately estimate the temperature of the food in the image without additional information. However, the dish appears to be hot, as it is being cooked on a stove.
Q: Provide a detailed list of the ingredients of the food in the image. Only include a comma-separated list of items with no additional descriptions for each item in your response.
A: 
Q: Estimate the temperature of the dish in the image
A: The dish in the image appears to be hot, as it is being cooked on a stove. However, without a thermometer or other temperature-measuring device, it is not possible to accurately estimate the temperature of the dish.
- processing frame1680.jpg...
Q: Identify only the food items visible in the image. Provide a comma-separated list of food items with no additional descriptions or details. Do not repeat any items in your response.
A: rice, tomato, onion, carrot, meat
Q: Identify the main cooking action or stage occurring in the image. Choose one concise label, such as mixing, stirring, whisking, chopping, cutting, pouring, boiling, frying, sautéing, baking, kneading, serving, plating, or no clear cooking action. Return only the action label and nothing else.
A: Mixing
Q: Estimate the approximate temperature of the food or dish shown in the image, in degrees Celsius.
A: It is not possible to accurately estimate the temperature of the food in the image without additional information. The image shows a pan of food on a stove, but the temperature of the stove or the food itself cannot be determined from the image alone.
Q: Provide a detailed list of the ingredients of the food in the image. Only include a comma-separated list of items with no additional descriptions for each item in your response.
A: 
Q: Estimate the temperature of the dish in the image
A: The image shows a dish being cooked on a stove, but the temperature of the dish cannot be accurately estimated from the image alone. The temperature of the dish would depend on the heat setting of the stove and the cooking time. To estimate the temperature, one would need to know the heat setting of the stove and the cooking time.
- processing frame1700.jpg...
Q: Identify only the food items visible in the image. Provide a comma-separated list of food items with no additional descriptions or details. Do not repeat any items in your response.
A: tomato, onion, rice, meat
Q: Identify the main cooking action or stage occurring in the image. Choose one concise label, such as mixing, stirring, whisking, chopping, cutting, pouring, boiling, frying, sautéing, baking, kneading, serving, plating, or no clear cooking action. Return only the action label and nothing else.
A: Mixing
Q: Estimate the approximate temperature of the food or dish shown in the image, in degrees Celsius.
A: The image shows a pan of food on a stove, but the temperature of the food cannot be accurately determined from the image alone. The temperature of the food would depend on the cooking method being used, the heat source, and the cooking time. To estimate the temperature, one would need to know the cooking method, the heat source,
Q: Provide a detailed list of the ingredients of the food in the image. Only include a comma-separated list of items with no additional descriptions for each item in your response.
A: 
Q: Estimate the temperature of the dish in the image
A: The dish in the image appears to be hot, as it is being cooked on a stove. However, without a thermometer or other temperature-measuring device, it is not possible to accurately estimate the temperature of the dish.
- processing frame1720.jpg...
Q: Identify only the food items visible in the image. Provide a comma-separated list of food items with no additional descriptions or details. Do not repeat any items in your response.
A: tomato, onion, rice, meat
Q: Identify the main cooking action or stage occurring in the image. Choose one concise label, such as mixing, stirring, whisking, chopping, cutting, pouring, boiling, frying, sautéing, baking, kneading, serving, plating, or no clear cooking action. Return only the action label and nothing else.
A: Mixing
Q: Estimate the approximate temperature of the food or dish shown in the image, in degrees Celsius.
A: It is not possible to accurately estimate the temperature of the food in the image without additional information. However, the image shows a pan of food on a stove, which suggests that the food is being cooked or heated. The temperature of the food would depend on the cooking method being used, such as boiling, frying, or sim
Q: Provide a detailed list of the ingredients of the food in the image. Only include a comma-separated list of items with no additional descriptions for each item in your response.
A: 
Q: Estimate the temperature of the dish in the image
A: The image shows a dish being cooked on a stove, but it is not possible to accurately estimate the temperature of the dish based on the image alone. The temperature of the dish would depend on the heat setting of the stove and the cooking time, which are not visible in the image. Additionally, the temperature of the dish would vary depending on
- processing frame1740.jpg...
Q: Identify only the food items visible in the image. Provide a comma-separated list of food items with no additional descriptions or details. Do not repeat any items in your response.
A: 
Q: Identify the main cooking action or stage occurring in the image. Choose one concise label, such as mixing, stirring, whisking, chopping, cutting, pouring, boiling, frying, sautéing, baking, kneading, serving, plating, or no clear cooking action. Return only the action label and nothing else.
A: Mixing
Q: Estimate the approximate temperature of the food or dish shown in the image, in degrees Celsius.
A: Based on the image, it is not possible to accurately estimate the temperature of the food or dish shown. The image only provides visual information about the food, but does not provide any direct or indirect indicators of temperature.
Q: Provide a detailed list of the ingredients of the food in the image. Only include a comma-separated list of items with no additional descriptions for each item in your response.
A: 
Q: Estimate the temperature of the dish in the image
A: It is not possible to accurately estimate the temperature of the dish in the image without additional information. However, considering that the dish is being stirred with a spoon, it is likely that the dish is hot or warm, as it is being prepared or served.
- processing frame1760.jpg...
Q: Identify only the food items visible in the image. Provide a comma-separated list of food items with no additional descriptions or details. Do not repeat any items in your response.
A: 
Q: Identify the main cooking action or stage occurring in the image. Choose one concise label, such as mixing, stirring, whisking, chopping, cutting, pouring, boiling, frying, sautéing, baking, kneading, serving, plating, or no clear cooking action. Return only the action label and nothing else.
A: Mixing
Q: Estimate the approximate temperature of the food or dish shown in the image, in degrees Celsius.
A: Based on the image, it is not possible to accurately estimate the temperature of the food or dish shown. The image only provides a visual representation of the food, but does not provide any information about the temperature.
Q: Provide a detailed list of the ingredients of the food in the image. Only include a comma-separated list of items with no additional descriptions for each item in your response.
A: 
Q: Estimate the temperature of the dish in the image
A: The image shows a dish of red food being cooked on a stove. However, without a thermometer or any other temperature-indicating device, it is not possible to accurately estimate the temperature of the dish. The temperature of the dish would depend on the heat setting of the stove and the cooking time.
- processing frame1780.jpg...
Q: Identify only the food items visible in the image. Provide a comma-separated list of food items with no additional descriptions or details. Do not repeat any items in your response.
A: tomato, onion, rice, meat
Q: Identify the main cooking action or stage occurring in the image. Choose one concise label, such as mixing, stirring, whisking, chopping, cutting, pouring, boiling, frying, sautéing, baking, kneading, serving, plating, or no clear cooking action. Return only the action label and nothing else.
A: Mixing
Q: Estimate the approximate temperature of the food or dish shown in the image, in degrees Celsius.
A: It is not possible to accurately estimate the temperature of the food or dish shown in the image, as there is no direct method to measure the temperature of food in a pan. However, the food appears to be hot, and it is likely that it is above room temperature.
Q: Provide a detailed list of the ingredients of the food in the image. Only include a comma-separated list of items with no additional descriptions for each item in your response.
A: 
Q: Estimate the temperature of the dish in the image
A: The dish in the image appears to be hot, as it is being cooked on a stove. However, without a thermometer or other temperature-measuring device, it is not possible to accurately estimate the temperature of the dish.
- processing frame1800.jpg...
Q: Identify only the food items visible in the image. Provide a comma-separated list of food items with no additional descriptions or details. Do not repeat any items in your response.
A: tomato, onion, meat
Q: Identify the main cooking action or stage occurring in the image. Choose one concise label, such as mixing, stirring, whisking, chopping, cutting, pouring, boiling, frying, sautéing, baking, kneading, serving, plating, or no clear cooking action. Return only the action label and nothing else.
A: Mix well
Q: Estimate the approximate temperature of the food or dish shown in the image, in degrees Celsius.
A: It is not possible to accurately estimate the temperature of the food or dish shown in the image, as the image does not provide any visual cues that would allow for a precise temperature estimation. The temperature of the food would depend on the cooking method and the time it has been cooking.
Q: Provide a detailed list of the ingredients of the food in the image. Only include a comma-separated list of items with no additional descriptions for each item in your response.
A: 
Q: Estimate the temperature of the dish in the image
A: It is not possible to accurately estimate the temperature of the dish in the image without additional information or a thermometer. However, the dish appears to be hot, as it is described as "cooking" and "well done." This suggests that the dish is likely at a high temperature, possibly above 160°F (7
- processing frame1820.jpg...
Q: Identify only the food items visible in the image. Provide a comma-separated list of food items with no additional descriptions or details. Do not repeat any items in your response.
A: tomato, meat, sauce
Q: Identify the main cooking action or stage occurring in the image. Choose one concise label, such as mixing, stirring, whisking, chopping, cutting, pouring, boiling, frying, sautéing, baking, kneading, serving, plating, or no clear cooking action. Return only the action label and nothing else.
A: Mix well
Q: Estimate the approximate temperature of the food or dish shown in the image, in degrees Celsius.
A: It is not possible to accurately estimate the temperature of the food or dish shown in the image, as it is being cooked on a stove. The temperature of the food would depend on the cooking method, the heat source, and the cooking time. However, it is likely that the food is being cooked at a high temperature, such as
Q: Provide a detailed list of the ingredients of the food in the image. Only include a comma-separated list of items with no additional descriptions for each item in your response.
A: 
Q: Estimate the temperature of the dish in the image
A: It is not possible to accurately estimate the temperature of the dish in the image without additional information or a thermometer. However, the dish appears to be hot, as it is being cooked on a stove and there is steam rising from it. This suggests that the dish is at a high temperature, likely above 100°C (
- processing frame1840.jpg...
Q: Identify only the food items visible in the image. Provide a comma-separated list of food items with no additional descriptions or details. Do not repeat any items in your response.
A: 
Q: Identify the main cooking action or stage occurring in the image. Choose one concise label, such as mixing, stirring, whisking, chopping, cutting, pouring, boiling, frying, sautéing, baking, kneading, serving, plating, or no clear cooking action. Return only the action label and nothing else.
A: Mix well
Q: Estimate the approximate temperature of the food or dish shown in the image, in degrees Celsius.
A: The image shows a pan with food on a scale, and the food appears to be cooked. However, without more information or a clearer view of the food, it is not possible to accurately estimate the approximate temperature of the food.
Q: Provide a detailed list of the ingredients of the food in the image. Only include a comma-separated list of items with no additional descriptions for each item in your response.
A: 
Q: Estimate the temperature of the dish in the image
A: The image shows a dish being cooked on a stove, but it is not possible to accurately estimate the temperature of the dish based on the image alone. The temperature of the dish would depend on the heat setting of the stove, the type of cookware being used, and the cooking time. To accurately estimate the temperature, one would need to measure the
- processing frame1860.jpg...
Q: Identify only the food items visible in the image. Provide a comma-separated list of food items with no additional descriptions or details. Do not repeat any items in your response.
A: tomato sauce
Q: Identify the main cooking action or stage occurring in the image. Choose one concise label, such as mixing, stirring, whisking, chopping, cutting, pouring, boiling, frying, sautéing, baking, kneading, serving, plating, or no clear cooking action. Return only the action label and nothing else.
A: Mix well
Q: Estimate the approximate temperature of the food or dish shown in the image, in degrees Celsius.
A: The image shows a pan of food, possibly a curry, on a stove. The food appears to be hot, but it is not possible to accurately estimate the temperature of the food in degrees Celsius based on the image alone. The temperature of the food would depend on the cooking method, the heat source, and the cooking time.
Q: Provide a detailed list of the ingredients of the food in the image. Only include a comma-separated list of items with no additional descriptions for each item in your response.
A: 
Q: Estimate the temperature of the dish in the image
A: The dish in the image appears to be very hot, likely just taken off the stove. However, without a thermometer, it is impossible to accurately estimate the temperature of the dish. It is important to handle hot dishes carefully to avoid burns.
- processing frame1880.jpg...
Q: Identify only the food items visible in the image. Provide a comma-separated list of food items with no additional descriptions or details. Do not repeat any items in your response.
A: tomato sauce, rice
Q: Identify the main cooking action or stage occurring in the image. Choose one concise label, such as mixing, stirring, whisking, chopping, cutting, pouring, boiling, frying, sautéing, baking, kneading, serving, plating, or no clear cooking action. Return only the action label and nothing else.
A: Mixing
Q: Estimate the approximate temperature of the food or dish shown in the image, in degrees Celsius.
A: It is not possible to accurately estimate the temperature of the food or dish shown in the image, as there is no direct method to measure the temperature of the contents of a pan or pot. However, the image shows a red sauce or dish being cooked on a stove, which suggests that the temperature is likely to be high, possibly around
Q: Provide a detailed list of the ingredients of the food in the image. Only include a comma-separated list of items with no additional descriptions for each item in your response.
A: 
Q: Estimate the temperature of the dish in the image
A: The image shows a dish with red sauce being cooked on a stove. However, it is not possible to accurately estimate the temperature of the dish just by looking at the image. The temperature of the dish would depend on the heat setting of the stove and the cooking time. To estimate the temperature, one would need to use a thermometer or a heat
- processing frame1900.jpg...
Q: Identify only the food items visible in the image. Provide a comma-separated list of food items with no additional descriptions or details. Do not repeat any items in your response.
A: tomato sauce, water, half cup
Q: Identify the main cooking action or stage occurring in the image. Choose one concise label, such as mixing, stirring, whisking, chopping, cutting, pouring, boiling, frying, sautéing, baking, kneading, serving, plating, or no clear cooking action. Return only the action label and nothing else.
A: Mixing
Q: Estimate the approximate temperature of the food or dish shown in the image, in degrees Celsius.
A: Based on the image, it is not possible to accurately estimate the temperature of the food or dish shown. The image only provides a visual representation of the food, and there are no visible temperature indicators or cues that would allow for an accurate temperature estimation.
Q: Provide a detailed list of the ingredients of the food in the image. Only include a comma-separated list of items with no additional descriptions for each item in your response.
A: 
Q: Estimate the temperature of the dish in the image
A: The dish in the image appears to be very hot, as it is being cooked on a stove and the person is using a yellow ladle to stir the food. The temperature of the dish is likely to be around 200°F (93°C) or higher, as this is the typical temperature for cooking food in a pan
- processing frame1920.jpg...
Q: Identify only the food items visible in the image. Provide a comma-separated list of food items with no additional descriptions or details. Do not repeat any items in your response.
A: tomato sauce, water, half cup
Q: Identify the main cooking action or stage occurring in the image. Choose one concise label, such as mixing, stirring, whisking, chopping, cutting, pouring, boiling, frying, sautéing, baking, kneading, serving, plating, or no clear cooking action. Return only the action label and nothing else.
A: Mixing
Q: Estimate the approximate temperature of the food or dish shown in the image, in degrees Celsius.
A: Based on the image, it is not possible to accurately estimate the temperature of the food or dish shown. The image only provides a visual representation of the food, and there are no visible temperature indicators or cues that would allow for an accurate temperature estimation.
Q: Provide a detailed list of the ingredients of the food in the image. Only include a comma-separated list of items with no additional descriptions for each item in your response.
A: 
Q: Estimate the temperature of the dish in the image
A: The dish in the image appears to be very hot, as it is being stirred with a yellow ladle. The temperature of the dish is likely to be above 100°C (212°F), which is the boiling point of water. This suggests that the dish is being cooked at a high temperature, possibly in
- processing frame1940.jpg...
Q: Identify only the food items visible in the image. Provide a comma-separated list of food items with no additional descriptions or details. Do not repeat any items in your response.
A: tomato sauce, pasta
Q: Identify the main cooking action or stage occurring in the image. Choose one concise label, such as mixing, stirring, whisking, chopping, cutting, pouring, boiling, frying, sautéing, baking, kneading, serving, plating, or no clear cooking action. Return only the action label and nothing else.
A: Mixing
Q: Estimate the approximate temperature of the food or dish shown in the image, in degrees Celsius.
A: It is not possible to accurately estimate the temperature of the food or dish shown in the image, as there is no direct method to measure the temperature of the dish. However, the dish appears to be hot, suggesting that it is likely above room temperature.
Q: Provide a detailed list of the ingredients of the food in the image. Only include a comma-separated list of items with no additional descriptions for each item in your response.
A: 
Q: Estimate the temperature of the dish in the image
A: The image shows a dish of food, possibly a sauce or a stew, being cooked on a stove. The dish appears to be hot, but it is not possible to accurately estimate the temperature of the dish from the image alone. The temperature of the dish would depend on the heat source, the type of cookware being used, and the cooking
- processing frame1960.jpg...
Q: Identify only the food items visible in the image. Provide a comma-separated list of food items with no additional descriptions or details. Do not repeat any items in your response.
A: tomato sauce
Q: Identify the main cooking action or stage occurring in the image. Choose one concise label, such as mixing, stirring, whisking, chopping, cutting, pouring, boiling, frying, sautéing, baking, kneading, serving, plating, or no clear cooking action. Return only the action label and nothing else.
A: Mixing
Q: Estimate the approximate temperature of the food or dish shown in the image, in degrees Celsius.
A: Based on the image, it is not possible to accurately estimate the temperature of the food or dish shown. The image only provides a visual representation of the food, but does not provide any information about the temperature. To estimate the temperature, one would need to use a thermometer or other temperature-measuring device.
Q: Provide a detailed list of the ingredients of the food in the image. Only include a comma-separated list of items with no additional descriptions for each item in your response.
A: 
Q: Estimate the temperature of the dish in the image
A: The image shows a dish with a red sauce being cooked on a stove. However, it is not possible to accurately estimate the temperature of the dish based on the image alone. The temperature of the dish would depend on the heat setting of the stove and the cooking time. To estimate the temperature, one would need to know the heat setting of the stove
- processing frame1980.jpg...
Q: Identify only the food items visible in the image. Provide a comma-separated list of food items with no additional descriptions or details. Do not repeat any items in your response.
A: 
Q: Identify the main cooking action or stage occurring in the image. Choose one concise label, such as mixing, stirring, whisking, chopping, cutting, pouring, boiling, frying, sautéing, baking, kneading, serving, plating, or no clear cooking action. Return only the action label and nothing else.
A: Mixing
Q: Estimate the approximate temperature of the food or dish shown in the image, in degrees Celsius.
A: The image shows a pot of food on a stove, but the temperature of the food is not visible. To estimate the temperature, one would need to observe the color of the food, the steam rising from the pot, or the heat source. However, without these visual cues, it is not possible to accurately estimate the temperature of the food in
Q: Provide a detailed list of the ingredients of the food in the image. Only include a comma-separated list of items with no additional descriptions for each item in your response.
A: 
Q: Estimate the temperature of the dish in the image
A: The image shows a pot of food on a stove, but the temperature of the dish cannot be accurately estimated from the image alone. The temperature of the dish would depend on the heat source, the type of food being cooked, and the cooking time. To estimate the temperature, one would need to use a thermometer or other temperature-me
- processing frame2000.jpg...
Q: Identify only the food items visible in the image. Provide a comma-separated list of food items with no additional descriptions or details. Do not repeat any items in your response.
A: 
Q: Identify the main cooking action or stage occurring in the image. Choose one concise label, such as mixing, stirring, whisking, chopping, cutting, pouring, boiling, frying, sautéing, baking, kneading, serving, plating, or no clear cooking action. Return only the action label and nothing else.
A: Mixing
Q: Estimate the approximate temperature of the food or dish shown in the image, in degrees Celsius.
A: The image shows a pot of food on a stove, but the temperature of the food cannot be accurately estimated from the image alone. The temperature of the food would depend on the cooking method, the heat source, and the cooking time. To estimate the temperature, one would need to measure the temperature of the food using a thermometer.
Q: Provide a detailed list of the ingredients of the food in the image. Only include a comma-separated list of items with no additional descriptions for each item in your response.
A: 
Q: Estimate the temperature of the dish in the image
A: The image shows a pot of food on a stove, and the food appears to be boiling. Boiling is typically associated with a temperature of 100 degrees Celsius (212 degrees Fahrenheit). However, it is important to note that the actual temperature of the dish in the image may vary depending on the specific conditions
- processing frame2020.jpg...
Q: Identify only the food items visible in the image. Provide a comma-separated list of food items with no additional descriptions or details. Do not repeat any items in your response.
A: tomato sauce
Q: Identify the main cooking action or stage occurring in the image. Choose one concise label, such as mixing, stirring, whisking, chopping, cutting, pouring, boiling, frying, sautéing, baking, kneading, serving, plating, or no clear cooking action. Return only the action label and nothing else.
A: Mixing
Q: Estimate the approximate temperature of the food or dish shown in the image, in degrees Celsius.
A: Based on the image, it is not possible to accurately estimate the temperature of the food or dish shown in the image. The image shows a pot of food on a stove, but the temperature of the food cannot be determined from the image alone. The temperature of the food would depend on the cooking method, the heat source, and the
Q: Provide a detailed list of the ingredients of the food in the image. Only include a comma-separated list of items with no additional descriptions for each item in your response.
A: 
Q: Estimate the temperature of the dish in the image
A: The image shows a pot of food on a stove, and the food appears to be boiling. Boiling is typically associated with a temperature of 100 degrees Celsius (212 degrees Fahrenheit). However, it is important to note that the actual temperature of the dish in the image may vary slightly due to factors such
- processing frame2040.jpg...
Q: Identify only the food items visible in the image. Provide a comma-separated list of food items with no additional descriptions or details. Do not repeat any items in your response.
A: tomato sauce
Q: Identify the main cooking action or stage occurring in the image. Choose one concise label, such as mixing, stirring, whisking, chopping, cutting, pouring, boiling, frying, sautéing, baking, kneading, serving, plating, or no clear cooking action. Return only the action label and nothing else.
A: Mixing
Q: Estimate the approximate temperature of the food or dish shown in the image, in degrees Celsius.
A: The image shows a pot of food on a stove, but the temperature of the food cannot be accurately determined from the image alone. The temperature of the food would depend on the cooking method, the heat source, and the cooking time. To estimate the temperature, one would need to know the cooking method, the heat source, and the
Q: Provide a detailed list of the ingredients of the food in the image. Only include a comma-separated list of items with no additional descriptions for each item in your response.
A: 
Q: Estimate the temperature of the dish in the image
A: The image shows a pot of food on a stove, but it is not possible to accurately estimate the temperature of the dish based on the image alone. The temperature of the dish would depend on the heat source, the type of cookware, and the cooking method being used. To determine the temperature, one would need to use a thermometer
- processing frame2060.jpg...
Q: Identify only the food items visible in the image. Provide a comma-separated list of food items with no additional descriptions or details. Do not repeat any items in your response.
A: tomato sauce
Q: Identify the main cooking action or stage occurring in the image. Choose one concise label, such as mixing, stirring, whisking, chopping, cutting, pouring, boiling, frying, sautéing, baking, kneading, serving, plating, or no clear cooking action. Return only the action label and nothing else.
A: Mixing
Q: Estimate the approximate temperature of the food or dish shown in the image, in degrees Celsius.
A: The image shows a pot of food on a stove, and the food appears to be hot. However, without a thermometer or any other means of measuring the temperature, it is not possible to provide an accurate estimate of the temperature of the food in degrees Celsius.
Q: Provide a detailed list of the ingredients of the food in the image. Only include a comma-separated list of items with no additional descriptions for each item in your response.
A: 
Q: Estimate the temperature of the dish in the image
A: The image shows a pot of food on a stove, and the food appears to be boiling. Boiling is typically associated with a temperature of 100 degrees Celsius (212 degrees Fahrenheit). However, it is important to note that the actual temperature of the dish in the image may vary slightly due to factors such
- processing frame2080.jpg...
Q: Identify only the food items visible in the image. Provide a comma-separated list of food items with no additional descriptions or details. Do not repeat any items in your response.
A: tomato sauce
Q: Identify the main cooking action or stage occurring in the image. Choose one concise label, such as mixing, stirring, whisking, chopping, cutting, pouring, boiling, frying, sautéing, baking, kneading, serving, plating, or no clear cooking action. Return only the action label and nothing else.
A: Boiling
Q: Estimate the approximate temperature of the food or dish shown in the image, in degrees Celsius.
A: The image shows a pot of food, possibly a stew or a sauce, being cooked on a stove. The food appears to be hot, but without a thermometer or any other temperature-indicating device, it is not possible to accurately estimate the temperature of the food in degrees Celsius. However, it is clear that the food is
Q: Provide a detailed list of the ingredients of the food in the image. Only include a comma-separated list of items with no additional descriptions for each item in your response.
A: 
Q: Estimate the temperature of the dish in the image
A: The image shows a pot of boiling water, which is typically boiling at 100 degrees Celsius (212 degrees Fahrenheit). The steam rising from the water indicates that it is at or near the boiling point.
- processing frame2100.jpg...
Q: Identify only the food items visible in the image. Provide a comma-separated list of food items with no additional descriptions or details. Do not repeat any items in your response.
A: tomato sauce
Q: Identify the main cooking action or stage occurring in the image. Choose one concise label, such as mixing, stirring, whisking, chopping, cutting, pouring, boiling, frying, sautéing, baking, kneading, serving, plating, or no clear cooking action. Return only the action label and nothing else.
A: Boiling
Q: Estimate the approximate temperature of the food or dish shown in the image, in degrees Celsius.
A: The image shows a pot of food, possibly a soup or stew, being cooked on a stove. The food appears to be boiling, which is typically around 100 degrees Celsius. However, it is important to note that the actual temperature of the food may vary depending on the specific recipe and cooking method being used.
Q: Provide a detailed list of the ingredients of the food in the image. Only include a comma-separated list of items with no additional descriptions for each item in your response.
A: 
Q: Estimate the temperature of the dish in the image
A: The image shows a pot of boiling water, which is typically around 100°C (212°F). However, it is important to note that the temperature of boiling water can vary depending on the altitude and the specific conditions of the boiling process.
- processing frame2120.jpg...
Q: Identify only the food items visible in the image. Provide a comma-separated list of food items with no additional descriptions or details. Do not repeat any items in your response.
A: tomato sauce
Q: Identify the main cooking action or stage occurring in the image. Choose one concise label, such as mixing, stirring, whisking, chopping, cutting, pouring, boiling, frying, sautéing, baking, kneading, serving, plating, or no clear cooking action. Return only the action label and nothing else.
A: Boiling
Q: Estimate the approximate temperature of the food or dish shown in the image, in degrees Celsius.
A: The image shows a pot of food, possibly a sauce or soup, being cooked on a stove. The food appears to be at a boiling point, which is typically around 100 degrees Celsius. However, it is important to note that the actual temperature of the food may vary depending on the specific recipe and cooking method being used
Q: Provide a detailed list of the ingredients of the food in the image. Only include a comma-separated list of items with no additional descriptions for each item in your response.
A: 
Q: Estimate the temperature of the dish in the image
A: The image shows a pot of boiling water, which is typically boiling at 100 degrees Celsius (212 degrees Fahrenheit). The steam rising from the water indicates that it is at or near the boiling point.
- processing frame2140.jpg...
Q: Identify only the food items visible in the image. Provide a comma-separated list of food items with no additional descriptions or details. Do not repeat any items in your response.
A: tomato sauce
Q: Identify the main cooking action or stage occurring in the image. Choose one concise label, such as mixing, stirring, whisking, chopping, cutting, pouring, boiling, frying, sautéing, baking, kneading, serving, plating, or no clear cooking action. Return only the action label and nothing else.
A: Boiling
Q: Estimate the approximate temperature of the food or dish shown in the image, in degrees Celsius.
A: Based on the image, it is not possible to accurately estimate the temperature of the food or dish shown. The image only provides a visual representation of the food, but does not provide any information about the temperature. To determine the temperature, one would need to use a thermometer or other temperature-measuring device.
Q: Provide a detailed list of the ingredients of the food in the image. Only include a comma-separated list of items with no additional descriptions for each item in your response.
A: 
Q: Estimate the temperature of the dish in the image
A: The image shows a pot of boiling water, which is typically boiling at 100 degrees Celsius (212 degrees Fahrenheit). The steam rising from the water indicates that it is at or near the boiling point.
- processing frame2160.jpg...
Q: Identify only the food items visible in the image. Provide a comma-separated list of food items with no additional descriptions or details. Do not repeat any items in your response.
A: tomato sauce
Q: Identify the main cooking action or stage occurring in the image. Choose one concise label, such as mixing, stirring, whisking, chopping, cutting, pouring, boiling, frying, sautéing, baking, kneading, serving, plating, or no clear cooking action. Return only the action label and nothing else.
A: Mixing
Q: Estimate the approximate temperature of the food or dish shown in the image, in degrees Celsius.
A: The image shows a pot of food being cooked on a stove. The food appears to be at a high temperature, as it is being stirred and the person's hand is visible in the pot. However, it is not possible to accurately estimate the temperature of the food in degrees Celsius based solely on the image. The temperature would depend
Q: Provide a detailed list of the ingredients of the food in the image. Only include a comma-separated list of items with no additional descriptions for each item in your response.
A: 
Q: Estimate the temperature of the dish in the image
A: The image shows a pot of food on a stove, and the person is stirring the dish. The temperature of the dish is not directly visible in the image, but it is likely that the dish is hot, as it is being cooked on a stove. The person stirring the dish is using a spoon, which suggests that the dish is at
- processing frame2180.jpg...
Q: Identify only the food items visible in the image. Provide a comma-separated list of food items with no additional descriptions or details. Do not repeat any items in your response.
A: tomato sauce
Q: Identify the main cooking action or stage occurring in the image. Choose one concise label, such as mixing, stirring, whisking, chopping, cutting, pouring, boiling, frying, sautéing, baking, kneading, serving, plating, or no clear cooking action. Return only the action label and nothing else.
A: Mixing
Q: Estimate the approximate temperature of the food or dish shown in the image, in degrees Celsius.
A: The image shows a pot of food being stirred, but it is not possible to accurately estimate the temperature of the food or dish shown in the image. The temperature of the food would depend on the cooking method and the heat source being used.
Q: Provide a detailed list of the ingredients of the food in the image. Only include a comma-separated list of items with no additional descriptions for each item in your response.
A: 
Q: Estimate the temperature of the dish in the image
A: The image shows a pot of food on a stove, and the person is stirring the dish. The temperature of the dish is not directly visible in the image, but it is likely that the dish is being cooked at a medium to high heat, as the person is stirring it. This suggests that the dish is being cooked at a temperature that
- processing frame2200.jpg...
Q: Identify only the food items visible in the image. Provide a comma-separated list of food items with no additional descriptions or details. Do not repeat any items in your response.
A: tomato sauce
Q: Identify the main cooking action or stage occurring in the image. Choose one concise label, such as mixing, stirring, whisking, chopping, cutting, pouring, boiling, frying, sautéing, baking, kneading, serving, plating, or no clear cooking action. Return only the action label and nothing else.
A: Mixing
Q: Estimate the approximate temperature of the food or dish shown in the image, in degrees Celsius.
A: The image shows a pot of food, possibly a sauce or a dish that is being cooked. However, without a thermometer or any other temperature-indicating device, it is not possible to accurately estimate the temperature of the food in the pot.
Q: Provide a detailed list of the ingredients of the food in the image. Only include a comma-separated list of items with no additional descriptions for each item in your response.
A: 
Q: Estimate the temperature of the dish in the image
A: The image shows a pot of food on a stove, and the person is stirring the dish. The temperature of the dish is not directly visible in the image, but it is likely that the dish is hot, as it is being cooked on a stove. The person stirring the dish is using a spoon, which suggests that the dish is at
- processing frame2220.jpg...
Q: Identify only the food items visible in the image. Provide a comma-separated list of food items with no additional descriptions or details. Do not repeat any items in your response.
A: tomato sauce
Q: Identify the main cooking action or stage occurring in the image. Choose one concise label, such as mixing, stirring, whisking, chopping, cutting, pouring, boiling, frying, sautéing, baking, kneading, serving, plating, or no clear cooking action. Return only the action label and nothing else.
A: Mixing
Q: Estimate the approximate temperature of the food or dish shown in the image, in degrees Celsius.
A: The image shows a pot of food on a stove, but it is not possible to accurately estimate the temperature of the food or dish shown in the image. The temperature of the food would depend on the cooking method being used, the heat source, and the cooking time.
Q: Provide a detailed list of the ingredients of the food in the image. Only include a comma-separated list of items with no additional descriptions for each item in your response.
A: 
Q: Estimate the temperature of the dish in the image
A: The image shows a pot of food on a stove, and the food appears to be hot. However, without a thermometer or other temperature-measuring device, it is not possible to accurately estimate the temperature of the dish. It is important to note that the temperature of the dish can vary depending on the cooking method and the type of food
- processing frame2240.jpg...
Q: Identify only the food items visible in the image. Provide a comma-separated list of food items with no additional descriptions or details. Do not repeat any items in your response.
A: 
Q: Identify the main cooking action or stage occurring in the image. Choose one concise label, such as mixing, stirring, whisking, chopping, cutting, pouring, boiling, frying, sautéing, baking, kneading, serving, plating, or no clear cooking action. Return only the action label and nothing else.
A: Mixing
Q: Estimate the approximate temperature of the food or dish shown in the image, in degrees Celsius.
A: The image shows a pot of food on a stove, and it is being stirred. However, without any visible temperature indicators or a thermometer, it is not possible to accurately estimate the temperature of the food in the pot.
Q: Provide a detailed list of the ingredients of the food in the image. Only include a comma-separated list of items with no additional descriptions for each item in your response.
A: 
Q: Estimate the temperature of the dish in the image
A: The image shows a pot of food on a stove, and it appears to be in the process of being cooked. However, without a thermometer or any other temperature-measuring device, it is not possible to accurately estimate the temperature of the dish. The temperature of the dish would depend on the heat source, the type of cookware,
- processing frame2260.jpg...
Q: Identify only the food items visible in the image. Provide a comma-separated list of food items with no additional descriptions or details. Do not repeat any items in your response.
A: tomato sauce, meatball
Q: Identify the main cooking action or stage occurring in the image. Choose one concise label, such as mixing, stirring, whisking, chopping, cutting, pouring, boiling, frying, sautéing, baking, kneading, serving, plating, or no clear cooking action. Return only the action label and nothing else.
A: Mixing
Q: Estimate the approximate temperature of the food or dish shown in the image, in degrees Celsius.
A: The image shows a pot of food on a stove, but the temperature of the food is not visible. To estimate the temperature, one would need to observe the color of the food, the steam rising from the pot, or the heat source. However, without these visual cues, it is not possible to accurately estimate the temperature of the food in
Q: Provide a detailed list of the ingredients of the food in the image. Only include a comma-separated list of items with no additional descriptions for each item in your response.
A: 
Q: Estimate the temperature of the dish in the image
A: The dish in the image appears to be hot, as it is being cooked on a stove. However, without a thermometer or other temperature-measuring device, it is not possible to accurately estimate the temperature of the dish.
- processing frame2280.jpg...
Q: Identify only the food items visible in the image. Provide a comma-separated list of food items with no additional descriptions or details. Do not repeat any items in your response.
A: tomato, lemon, herb
Q: Identify the main cooking action or stage occurring in the image. Choose one concise label, such as mixing, stirring, whisking, chopping, cutting, pouring, boiling, frying, sautéing, baking, kneading, serving, plating, or no clear cooking action. Return only the action label and nothing else.
A: Serving
Q: Estimate the approximate temperature of the food or dish shown in the image, in degrees Celsius.
A: It is not possible to accurately estimate the temperature of the food or dish shown in the image, as there is no direct indication of the temperature. However, the presence of a spoon suggests that the food is likely to be served at a temperature that is comfortable for consumption, which could range from 30°C to 40
Q: Provide a detailed list of the ingredients of the food in the image. Only include a comma-separated list of items with no additional descriptions for each item in your response.
A: 
Q: Estimate the temperature of the dish in the image
A: The image shows a dish of food, which appears to be a serving of curry. The curry is being scooped onto a plate, and the spoon is being used to serve the dish. The temperature of the dish cannot be accurately estimated from the image alone, as the image does not provide any information about the heat source or the time
- processing frame2300.jpg...
Q: Identify only the food items visible in the image. Provide a comma-separated list of food items with no additional descriptions or details. Do not repeat any items in your response.
A: 
Q: Identify the main cooking action or stage occurring in the image. Choose one concise label, such as mixing, stirring, whisking, chopping, cutting, pouring, boiling, frying, sautéing, baking, kneading, serving, plating, or no clear cooking action. Return only the action label and nothing else.
A: Serving
Q: Estimate the approximate temperature of the food or dish shown in the image, in degrees Celsius.
A: It is not possible to accurately estimate the temperature of the food or dish shown in the image, as there is no direct indication of the temperature. However, the presence of a spoon suggests that the food is likely to be served at a temperature that is comfortable for consumption, which could range from 30°C to 40
Q: Provide a detailed list of the ingredients of the food in the image. Only include a comma-separated list of items with no additional descriptions for each item in your response.
A: 
Q: Estimate the temperature of the dish in the image
A: The image shows a dish of food on a table. However, it is not possible to accurately estimate the temperature of the dish just by looking at the image. To determine the temperature, one would need to use a thermometer or other temperature-measuring device.
- processing frame2320.jpg...
Q: Identify only the food items visible in the image. Provide a comma-separated list of food items with no additional descriptions or details. Do not repeat any items in your response.
A: 
Q: Identify the main cooking action or stage occurring in the image. Choose one concise label, such as mixing, stirring, whisking, chopping, cutting, pouring, boiling, frying, sautéing, baking, kneading, serving, plating, or no clear cooking action. Return only the action label and nothing else.
A: Mixing
Q: Estimate the approximate temperature of the food or dish shown in the image, in degrees Celsius.
A: It is not possible to accurately estimate the temperature of the food or dish shown in the image, as there is no visible indication of heat or temperature. The image only shows a person holding a pan on a scale, which does not provide any information about the temperature of the pan or the food inside it.
Q: Provide a detailed list of the ingredients of the food in the image. Only include a comma-separated list of items with no additional descriptions for each item in your response.
A: 
Q: Estimate the temperature of the dish in the image
A: It is not possible to accurately estimate the temperature of the dish in the image without additional information or a thermometer. The dish appears to be hot, but the exact temperature cannot be determined from the image alone.
- processing frame2340.jpg...
Q: Identify only the food items visible in the image. Provide a comma-separated list of food items with no additional descriptions or details. Do not repeat any items in your response.
A: lemon, butter
Q: Identify the main cooking action or stage occurring in the image. Choose one concise label, such as mixing, stirring, whisking, chopping, cutting, pouring, boiling, frying, sautéing, baking, kneading, serving, plating, or no clear cooking action. Return only the action label and nothing else.
A: Mixing
Q: Estimate the approximate temperature of the food or dish shown in the image, in degrees Celsius.
A: It is not possible to accurately estimate the temperature of the food or dish shown in the image, as there is no visible indication of heat or temperature. The image only shows a person cooking a dish on a stove, but the temperature cannot be determined from the image alone.
Q: Provide a detailed list of the ingredients of the food in the image. Only include a comma-separated list of items with no additional descriptions for each item in your response.
A: 
Q: Estimate the temperature of the dish in the image
A: The image shows a hot plate with a black frying pan on it. The frying pan has a yellow object in it, which is likely a piece of food being cooked. The yellow object is not a direct indicator of the temperature of the dish, but it does suggest that the food is being cooked at a high temperature.
- processing frame2360.jpg...
Q: Identify only the food items visible in the image. Provide a comma-separated list of food items with no additional descriptions or details. Do not repeat any items in your response.
A: 
Q: Identify the main cooking action or stage occurring in the image. Choose one concise label, such as mixing, stirring, whisking, chopping, cutting, pouring, boiling, frying, sautéing, baking, kneading, serving, plating, or no clear cooking action. Return only the action label and nothing else.
A: No clear cooking action
Q: Estimate the approximate temperature of the food or dish shown in the image, in degrees Celsius.
A: It is not possible to accurately estimate the temperature of the food or dish shown in the image, as there is no visible indication of heat or temperature. The image only shows a black frying pan with a yellow substance inside it, sitting on a stove.
Q: Provide a detailed list of the ingredients of the food in the image. Only include a comma-separated list of items with no additional descriptions for each item in your response.
A: 
Q: Estimate the temperature of the dish in the image
A: The image shows a black frying pan on a stove, with a yellow substance inside. The yellow substance appears to be melted butter or oil. The temperature of the dish is not directly visible in the image, but we can infer that the stove is likely turned on and is heating the pan. The yellow substance is being heated, which suggests that
- processing frame2380.jpg...
Q: Identify only the food items visible in the image. Provide a comma-separated list of food items with no additional descriptions or details. Do not repeat any items in your response.
A: 
Q: Identify the main cooking action or stage occurring in the image. Choose one concise label, such as mixing, stirring, whisking, chopping, cutting, pouring, boiling, frying, sautéing, baking, kneading, serving, plating, or no clear cooking action. Return only the action label and nothing else.
A: Mixing
Q: Estimate the approximate temperature of the food or dish shown in the image, in degrees Celsius.
A: It is not possible to accurately estimate the temperature of the food or dish shown in the image, as it is not possible to determine the temperature of the dish without additional information or context.
Q: Provide a detailed list of the ingredients of the food in the image. Only include a comma-separated list of items with no additional descriptions for each item in your response.
A: 
Q: Estimate the temperature of the dish in the image
A: The dish in the image is a hot plate, which is typically used to heat food. The temperature of the hot plate cannot be accurately estimated from the image alone, as it depends on the specific model and settings used. However, hot plates are usually capable of reaching temperatures of up to 500°F (260°C)
- processing frame2400.jpg...
Q: Identify only the food items visible in the image. Provide a comma-separated list of food items with no additional descriptions or details. Do not repeat any items in your response.
A: 
Q: Identify the main cooking action or stage occurring in the image. Choose one concise label, such as mixing, stirring, whisking, chopping, cutting, pouring, boiling, frying, sautéing, baking, kneading, serving, plating, or no clear cooking action. Return only the action label and nothing else.
A: Mixing
Q: Estimate the approximate temperature of the food or dish shown in the image, in degrees Celsius.
A: It is not possible to accurately estimate the temperature of the food or dish shown in the image, as it is not possible to determine the temperature of the food without additional information or context.
Q: Provide a detailed list of the ingredients of the food in the image. Only include a comma-separated list of items with no additional descriptions for each item in your response.
A: 
Q: Estimate the temperature of the dish in the image
A: The image shows a person cooking a dish on a stove. The dish appears to be a Chili Powder - pinch, which suggests that the dish is in the process of being prepared. However, it is not possible to accurately estimate the temperature of the dish based on the image alone. The temperature of the dish would depend on the cooking method
- processing frame2420.jpg...
Q: Identify only the food items visible in the image. Provide a comma-separated list of food items with no additional descriptions or details. Do not repeat any items in your response.
A: butter, egg
Q: Identify the main cooking action or stage occurring in the image. Choose one concise label, such as mixing, stirring, whisking, chopping, cutting, pouring, boiling, frying, sautéing, baking, kneading, serving, plating, or no clear cooking action. Return only the action label and nothing else.
A: Mixing
Q: Estimate the approximate temperature of the food or dish shown in the image, in degrees Celsius.
A: Based on the image, it is not possible to accurately estimate the temperature of the food or dish shown. The image only provides a visual representation of the food or dish, but does not provide any information about the temperature. To estimate the temperature, one would need additional information such as the type of food, the cooking method, or the
Q: Provide a detailed list of the ingredients of the food in the image. Only include a comma-separated list of items with no additional descriptions for each item in your response.
A: 
Q: Estimate the temperature of the dish in the image
A: The image shows a frying pan with a small amount of oil and a piece of food, possibly a piece of meat or a vegetable, being cooked. The oil is sizzling, which indicates that the pan is hot. However, without a thermometer or other temperature-measuring device, it is not possible to accurately estimate the
- processing frame2440.jpg...
Q: Identify only the food items visible in the image. Provide a comma-separated list of food items with no additional descriptions or details. Do not repeat any items in your response.
A: 
Q: Identify the main cooking action or stage occurring in the image. Choose one concise label, such as mixing, stirring, whisking, chopping, cutting, pouring, boiling, frying, sautéing, baking, kneading, serving, plating, or no clear cooking action. Return only the action label and nothing else.
A: Mixing
Q: Estimate the approximate temperature of the food or dish shown in the image, in degrees Celsius.
A: The image shows a person stirring a dish in a pan, but it is not possible to determine the approximate temperature of the food or dish shown in the image. The temperature of the dish would depend on the cooking method and the heat source being used.
Q: Provide a detailed list of the ingredients of the food in the image. Only include a comma-separated list of items with no additional descriptions for each item in your response.
A: 
Q: Estimate the temperature of the dish in the image
A: The image shows a person stirring a dish in a pan on a stove. The dish appears to be hot, as indicated by the steam rising from the pan. However, without a thermometer or other temperature-measuring device, it is not possible to accurately estimate the temperature of the dish.
- processing frame2460.jpg...
Q: Identify only the food items visible in the image. Provide a comma-separated list of food items with no additional descriptions or details. Do not repeat any items in your response.
A: 
Q: Identify the main cooking action or stage occurring in the image. Choose one concise label, such as mixing, stirring, whisking, chopping, cutting, pouring, boiling, frying, sautéing, baking, kneading, serving, plating, or no clear cooking action. Return only the action label and nothing else.
A: No clear cooking action
Q: Estimate the approximate temperature of the food or dish shown in the image, in degrees Celsius.
A: The image shows a frying pan with a dish that appears to be cooked. However, without a thermometer or any other means of measuring temperature, it is not possible to accurately estimate the approximate temperature of the food or dish shown in the image.
Q: Provide a detailed list of the ingredients of the food in the image. Only include a comma-separated list of items with no additional descriptions for each item in your response.
A: 
Q: Estimate the temperature of the dish in the image
A: The dish in the image appears to be hot, as it is placed on a stove and there is a visible steam rising from it. However, without a thermometer or other temperature-measuring device, it is not possible to accurately estimate the temperature of the dish.
- processing frame2480.jpg...
Q: Identify only the food items visible in the image. Provide a comma-separated list of food items with no additional descriptions or details. Do not repeat any items in your response.
A: 1 tsp, finely chopped
Q: Identify the main cooking action or stage occurring in the image. Choose one concise label, such as mixing, stirring, whisking, chopping, cutting, pouring, boiling, frying, sautéing, baking, kneading, serving, plating, or no clear cooking action. Return only the action label and nothing else.
A: chopping
Q: Estimate the approximate temperature of the food or dish shown in the image, in degrees Celsius.
A: The image shows a person using a hot plate to cook a dish. The dish appears to be a frying pan with food in it. The temperature of the hot plate is not visible in the image, but it is likely to be around 150-200 degrees Celsius, which is the typical range for cooking on a
Q: Provide a detailed list of the ingredients of the food in the image. Only include a comma-separated list of items with no additional descriptions for each item in your response.
A: 1 tsp, finely chopped
Q: Estimate the temperature of the dish in the image
A: The image shows a person using a Coriander to chop food on a scale. The Coriander is a kitchen appliance that uses a hot plate to heat the surface. However, the image does not provide enough information to accurately estimate the temperature of the dish. The temperature would depend on the specific model of the Coriander and the heat
- processing frame2500.jpg...
Q: Identify only the food items visible in the image. Provide a comma-separated list of food items with no additional descriptions or details. Do not repeat any items in your response.
A: 
Q: Identify the main cooking action or stage occurring in the image. Choose one concise label, such as mixing, stirring, whisking, chopping, cutting, pouring, boiling, frying, sautéing, baking, kneading, serving, plating, or no clear cooking action. Return only the action label and nothing else.
A: No clear cooking action
Q: Estimate the approximate temperature of the food or dish shown in the image, in degrees Celsius.
A: It is not possible to accurately estimate the temperature of the food or dish shown in the image, as it is not possible to determine the temperature of the food without additional information or context.
Q: Provide a detailed list of the ingredients of the food in the image. Only include a comma-separated list of items with no additional descriptions for each item in your response.
A: 
Q: Estimate the temperature of the dish in the image
A: The dish in the image is a frying pan with a sauce on it. The sauce appears to be hot, as it is bubbling and the ingredients are cooking. However, it is not possible to accurately estimate the temperature of the dish just by looking at the image. The temperature would depend on the heat source and the cooking time, which are
- processing frame2520.jpg...
Q: Identify only the food items visible in the image. Provide a comma-separated list of food items with no additional descriptions or details. Do not repeat any items in your response.
A: 
Q: Identify the main cooking action or stage occurring in the image. Choose one concise label, such as mixing, stirring, whisking, chopping, cutting, pouring, boiling, frying, sautéing, baking, kneading, serving, plating, or no clear cooking action. Return only the action label and nothing else.
A: No clear cooking action
Q: Estimate the approximate temperature of the food or dish shown in the image, in degrees Celsius.
A: The image shows a dish that appears to be a sauteed item, possibly a vegetable or a piece of meat. The temperature of the dish is not directly visible in the image, but it is likely that the dish is hot, as it is being cooked on a stove. A typical temperature for sauteing food is around 17
Q: Provide a detailed list of the ingredients of the food in the image. Only include a comma-separated list of items with no additional descriptions for each item in your response.
A: 
Q: Estimate the temperature of the dish in the image
A: The image shows a dish that appears to be a saute pan with food cooking in it. However, without a thermometer or other temperature-measuring device, it is not possible to accurately estimate the temperature of the dish. The temperature of the dish would depend on the heat source being used, the type of food being cooked, and the
- processing frame2540.jpg...
Q: Identify only the food items visible in the image. Provide a comma-separated list of food items with no additional descriptions or details. Do not repeat any items in your response.
A: 
Q: Identify the main cooking action or stage occurring in the image. Choose one concise label, such as mixing, stirring, whisking, chopping, cutting, pouring, boiling, frying, sautéing, baking, kneading, serving, plating, or no clear cooking action. Return only the action label and nothing else.
A: Frying
Q: Estimate the approximate temperature of the food or dish shown in the image, in degrees Celsius.
A: It is not possible to accurately estimate the temperature of the food or dish shown in the image, as it is being cooked on a stove. The temperature of the stove and the cooking time would determine the temperature of the food. However, the image shows that the food is being cooked, and it is likely that it is being cooked at
Q: Provide a detailed list of the ingredients of the food in the image. Only include a comma-separated list of items with no additional descriptions for each item in your response.
A: 
Q: Estimate the temperature of the dish in the image
A: The image shows a dish being cooked on a stove, but it is not possible to accurately estimate the temperature of the dish based on the image alone. The temperature of the dish would depend on the heat source, the type of cookware being used, and the cooking time. To estimate the temperature, one would need to use a thermometer or other
- processing frame2560.jpg...
Q: Identify only the food items visible in the image. Provide a comma-separated list of food items with no additional descriptions or details. Do not repeat any items in your response.
A: 
Q: Identify the main cooking action or stage occurring in the image. Choose one concise label, such as mixing, stirring, whisking, chopping, cutting, pouring, boiling, frying, sautéing, baking, kneading, serving, plating, or no clear cooking action. Return only the action label and nothing else.
A: Frying
Q: Estimate the approximate temperature of the food or dish shown in the image, in degrees Celsius.
A: It is not possible to accurately estimate the temperature of the food or dish shown in the image, as there is no direct indication of the temperature. However, the image shows a piece of food being cooked in a pan on a stove, which suggests that the temperature is likely to be high, possibly around 200-25
Q: Provide a detailed list of the ingredients of the food in the image. Only include a comma-separated list of items with no additional descriptions for each item in your response.
A: 
Q: Estimate the temperature of the dish in the image
A: The image shows a dish being cooked on a stove. However, it is not possible to accurately estimate the temperature of the dish based on the image alone. The temperature of the dish would depend on the heat source, the type of cookware being used, and the cooking time. To estimate the temperature, one would need to use a thermometer or
- processing frame2580.jpg...
Q: Identify only the food items visible in the image. Provide a comma-separated list of food items with no additional descriptions or details. Do not repeat any items in your response.
A: 
Q: Identify the main cooking action or stage occurring in the image. Choose one concise label, such as mixing, stirring, whisking, chopping, cutting, pouring, boiling, frying, sautéing, baking, kneading, serving, plating, or no clear cooking action. Return only the action label and nothing else.
A: Frying
Q: Estimate the approximate temperature of the food or dish shown in the image, in degrees Celsius.
A: It is not possible to accurately estimate the temperature of the food or dish shown in the image, as there is no direct indication of the temperature. However, the image shows a person holding a hot pan with a piece of bread and a fish fillet. The food is likely to be hot, but without a thermometer or other temperature
Q: Provide a detailed list of the ingredients of the food in the image. Only include a comma-separated list of items with no additional descriptions for each item in your response.
A: 
Q: Estimate the temperature of the dish in the image
A: It is not possible to accurately estimate the temperature of the dish in the image without additional information. However, the dish appears to be hot, as it is being cooked on a stove and the person is holding it with a towel. This suggests that the dish is likely to be at a high temperature, but without a thermometer or other temperature
- processing frame2600.jpg...
Q: Identify only the food items visible in the image. Provide a comma-separated list of food items with no additional descriptions or details. Do not repeat any items in your response.
A: 
Q: Identify the main cooking action or stage occurring in the image. Choose one concise label, such as mixing, stirring, whisking, chopping, cutting, pouring, boiling, frying, sautéing, baking, kneading, serving, plating, or no clear cooking action. Return only the action label and nothing else.
A: Kneading
Q: Estimate the approximate temperature of the food or dish shown in the image, in degrees Celsius.
A: It is not possible to accurately estimate the temperature of the food or dish shown in the image, as there is no direct indication of the temperature. However, the food appears to be hot, which suggests that it is likely above room temperature.
Q: Provide a detailed list of the ingredients of the food in the image. Only include a comma-separated list of items with no additional descriptions for each item in your response.
A: 
Q: Estimate the temperature of the dish in the image
A: It is not possible to accurately estimate the temperature of the dish in the image without additional information. However, since the dish is being prepared on a stove, it is likely that the dish is being cooked at a high temperature to ensure proper cooking and to achieve the desired texture and flavor.
- processing frame2620.jpg...
Q: Identify only the food items visible in the image. Provide a comma-separated list of food items with no additional descriptions or details. Do not repeat any items in your response.
A: 
Q: Identify the main cooking action or stage occurring in the image. Choose one concise label, such as mixing, stirring, whisking, chopping, cutting, pouring, boiling, frying, sautéing, baking, kneading, serving, plating, or no clear cooking action. Return only the action label and nothing else.
A: Kneading
Q: Estimate the approximate temperature of the food or dish shown in the image, in degrees Celsius.
A: It is not possible to accurately estimate the temperature of the food or dish shown in the image, as there is no visible indication of heat or temperature. The image only shows a person holding a sandwich or bread roll over a hot plate or stove.
Q: Provide a detailed list of the ingredients of the food in the image. Only include a comma-separated list of items with no additional descriptions for each item in your response.
A: 
Q: Estimate the temperature of the dish in the image
A: The image shows a person holding a sandwich over a hot plate. The hot plate is likely to be at a high temperature, possibly around 350°F (175°C) or higher, to cook the sandwich. However, it is not possible to accurately estimate the temperature of the dish in the image without additional information.
- processing frame2640.jpg...
Q: Identify only the food items visible in the image. Provide a comma-separated list of food items with no additional descriptions or details. Do not repeat any items in your response.
A: 
Q: Identify the main cooking action or stage occurring in the image. Choose one concise label, such as mixing, stirring, whisking, chopping, cutting, pouring, boiling, frying, sautéing, baking, kneading, serving, plating, or no clear cooking action. Return only the action label and nothing else.
A: Kneading
Q: Estimate the approximate temperature of the food or dish shown in the image, in degrees Celsius.
A: It is not possible to accurately estimate the temperature of the food or dish shown in the image, as there is no visible indication of the temperature. The image only shows a person preparing food on a stove, but the temperature of the stove or the food itself cannot be determined from the image alone.
Q: Provide a detailed list of the ingredients of the food in the image. Only include a comma-separated list of items with no additional descriptions for each item in your response.
A: 
Q: Estimate the temperature of the dish in the image
A: The image shows a person cutting a piece of bread with a toaster. The temperature of the dish in the image is likely to be around 180°C (350°F), as this is the typical temperature setting for a toaster. Toasters are designed to heat the bread to a high temperature, which allows the bread
- processing frame2660.jpg...
Q: Identify only the food items visible in the image. Provide a comma-separated list of food items with no additional descriptions or details. Do not repeat any items in your response.
A: 
Q: Identify the main cooking action or stage occurring in the image. Choose one concise label, such as mixing, stirring, whisking, chopping, cutting, pouring, boiling, frying, sautéing, baking, kneading, serving, plating, or no clear cooking action. Return only the action label and nothing else.
A: Mixing
Q: Estimate the approximate temperature of the food or dish shown in the image, in degrees Celsius.
A: It is not possible to accurately estimate the temperature of the food or dish shown in the image, as there is no visible indication of heat or temperature. The image only shows a person preparing food on a stove, but the temperature of the food or dish cannot be determined from the image alone.
Q: Provide a detailed list of the ingredients of the food in the image. Only include a comma-separated list of items with no additional descriptions for each item in your response.
A: 
Q: Estimate the temperature of the dish in the image
A: It is not possible to accurately estimate the temperature of the dish in the image without additional information. The image shows a person preparing food on a stove, but the temperature of the dish cannot be determined solely from the image.
- processing frame2680.jpg...
Q: Identify only the food items visible in the image. Provide a comma-separated list of food items with no additional descriptions or details. Do not repeat any items in your response.
A: 
Q: Identify the main cooking action or stage occurring in the image. Choose one concise label, such as mixing, stirring, whisking, chopping, cutting, pouring, boiling, frying, sautéing, baking, kneading, serving, plating, or no clear cooking action. Return only the action label and nothing else.
A: Frying
Q: Estimate the approximate temperature of the food or dish shown in the image, in degrees Celsius.
A: It is not possible to accurately estimate the temperature of the food or dish shown in the image, as there is no visible indication of heat or temperature. The image only shows a person's hand placing a piece of food into a pan.
Q: Provide a detailed list of the ingredients of the food in the image. Only include a comma-separated list of items with no additional descriptions for each item in your response.
A: 
Q: Estimate the temperature of the dish in the image
A: It is not possible to accurately estimate the temperature of the dish in the image without additional information or a thermometer. However, the dish appears to be hot, as it is being cooked on a stove and there is steam rising from it. This suggests that the dish is at a high temperature, likely above 100°C (
- processing frame2700.jpg...
Q: Identify only the food items visible in the image. Provide a comma-separated list of food items with no additional descriptions or details. Do not repeat any items in your response.
A: 
Q: Identify the main cooking action or stage occurring in the image. Choose one concise label, such as mixing, stirring, whisking, chopping, cutting, pouring, boiling, frying, sautéing, baking, kneading, serving, plating, or no clear cooking action. Return only the action label and nothing else.
A: Mixing
Q: Estimate the approximate temperature of the food or dish shown in the image, in degrees Celsius.
A: It is not possible to accurately estimate the temperature of the food or dish shown in the image, as there is no visible indication of the temperature. The image only shows a person cooking food in a pan on a stove.
Q: Provide a detailed list of the ingredients of the food in the image. Only include a comma-separated list of items with no additional descriptions for each item in your response.
A: 
Q: Estimate the temperature of the dish in the image
A: It is not possible to accurately estimate the temperature of the dish in the image without additional information or a thermometer. However, the dish appears to be hot, as it is being cooked on a stove and there is steam rising from it. This suggests that the dish is at a high temperature, likely above 100°C (
- processing frame2720.jpg...
Q: Identify only the food items visible in the image. Provide a comma-separated list of food items with no additional descriptions or details. Do not repeat any items in your response.
A: 
Q: Identify the main cooking action or stage occurring in the image. Choose one concise label, such as mixing, stirring, whisking, chopping, cutting, pouring, boiling, frying, sautéing, baking, kneading, serving, plating, or no clear cooking action. Return only the action label and nothing else.
A: Mixing
Q: Estimate the approximate temperature of the food or dish shown in the image, in degrees Celsius.
A: It is not possible to accurately estimate the temperature of the food or dish shown in the image, as there is no visible indication of heat or temperature. The image only shows a person preparing food on a stove, but the temperature of the food is not discernible from the image alone.
Q: Provide a detailed list of the ingredients of the food in the image. Only include a comma-separated list of items with no additional descriptions for each item in your response.
A: 
Q: Estimate the temperature of the dish in the image
A: It is not possible to accurately estimate the temperature of the dish in the image without additional information. The image shows a person cooking food on a stove, but the temperature of the dish cannot be determined from the visual information alone. To estimate the temperature, one would need to use a thermometer or other temperature-measuring device.
- processing frame2740.jpg...
Q: Identify only the food items visible in the image. Provide a comma-separated list of food items with no additional descriptions or details. Do not repeat any items in your response.
A: 
Q: Identify the main cooking action or stage occurring in the image. Choose one concise label, such as mixing, stirring, whisking, chopping, cutting, pouring, boiling, frying, sautéing, baking, kneading, serving, plating, or no clear cooking action. Return only the action label and nothing else.
A: Frying
Q: Estimate the approximate temperature of the food or dish shown in the image, in degrees Celsius.
A: It is not possible to accurately estimate the temperature of the food or dish shown in the image, as there is no visible indication of heat or temperature. The image only shows a person's hand touching a pan with food on it.
Q: Provide a detailed list of the ingredients of the food in the image. Only include a comma-separated list of items with no additional descriptions for each item in your response.
A: 
Q: Estimate the temperature of the dish in the image
A: It is not possible to accurately estimate the temperature of the dish in the image without additional information. However, the dish appears to be hot, as it is being cooked on a stove and there is steam rising from it. This suggests that the dish is at a high temperature, likely above 100°C (212°
- processing frame2760.jpg...
Q: Identify only the food items visible in the image. Provide a comma-separated list of food items with no additional descriptions or details. Do not repeat any items in your response.
A: 
Q: Identify the main cooking action or stage occurring in the image. Choose one concise label, such as mixing, stirring, whisking, chopping, cutting, pouring, boiling, frying, sautéing, baking, kneading, serving, plating, or no clear cooking action. Return only the action label and nothing else.
A: Frying
Q: Estimate the approximate temperature of the food or dish shown in the image, in degrees Celsius.
A: It is not possible to accurately estimate the temperature of the food or dish shown in the image, as there is no visible indication of heat or temperature. The image only shows a person cooking food in a pan on a stove.
Q: Provide a detailed list of the ingredients of the food in the image. Only include a comma-separated list of items with no additional descriptions for each item in your response.
A: 
Q: Estimate the temperature of the dish in the image
A: It is not possible to accurately estimate the temperature of the dish in the image without additional information or a thermometer. However, the dish appears to be hot, as it is being cooked on a stove and there is steam rising from it. This suggests that the dish is at a high temperature, likely above 100°C (
- processing frame2780.jpg...
Q: Identify only the food items visible in the image. Provide a comma-separated list of food items with no additional descriptions or details. Do not repeat any items in your response.
A: 
Q: Identify the main cooking action or stage occurring in the image. Choose one concise label, such as mixing, stirring, whisking, chopping, cutting, pouring, boiling, frying, sautéing, baking, kneading, serving, plating, or no clear cooking action. Return only the action label and nothing else.
A: Mixing
Q: Estimate the approximate temperature of the food or dish shown in the image, in degrees Celsius.
A: It is not possible to accurately estimate the temperature of the food or dish shown in the image, as there is no visible indication of heat or temperature. The image only shows two hands pressing down on a pan or skillet, which does not provide enough information to determine the temperature of the food.
Q: Provide a detailed list of the ingredients of the food in the image. Only include a comma-separated list of items with no additional descriptions for each item in your response.
A: 
Q: Estimate the temperature of the dish in the image
A: It is not possible to accurately estimate the temperature of the dish in the image without additional information. The image shows two hands pressing down on a hot pan, which suggests that the pan is very hot. However, without a thermometer or other temperature-measuring device, it is impossible to determine the exact temperature of the pan.
- processing frame2800.jpg...
Q: Identify only the food items visible in the image. Provide a comma-separated list of food items with no additional descriptions or details. Do not repeat any items in your response.
A: 
Q: Identify the main cooking action or stage occurring in the image. Choose one concise label, such as mixing, stirring, whisking, chopping, cutting, pouring, boiling, frying, sautéing, baking, kneading, serving, plating, or no clear cooking action. Return only the action label and nothing else.
A: Frying
Q: Estimate the approximate temperature of the food or dish shown in the image, in degrees Celsius.
A: It is not possible to accurately estimate the temperature of the food or dish shown in the image, as there is no visible indication of heat or temperature. The image only shows a person preparing a sandwich or burger on a stove or hot plate.
Q: Provide a detailed list of the ingredients of the food in the image. Only include a comma-separated list of items with no additional descriptions for each item in your response.
A: 
Q: Estimate the temperature of the dish in the image
A: The image shows a person cooking a sandwich on a hot plate. The hot plate is typically used for cooking purposes, and it is designed to heat up to high temperatures. However, without a thermometer or any other means to measure the temperature, it is impossible to estimate the exact temperature of the dish. It is safe to assume that the hot plate
- processing frame2820.jpg...
Q: Identify only the food items visible in the image. Provide a comma-separated list of food items with no additional descriptions or details. Do not repeat any items in your response.
A: 
Q: Identify the main cooking action or stage occurring in the image. Choose one concise label, such as mixing, stirring, whisking, chopping, cutting, pouring, boiling, frying, sautéing, baking, kneading, serving, plating, or no clear cooking action. Return only the action label and nothing else.
A: No clear cooking action
Q: Estimate the approximate temperature of the food or dish shown in the image, in degrees Celsius.
A: It is not possible to accurately estimate the temperature of the food or dish shown in the image, as there is no direct indication of the temperature. However, the presence of a hot dish and the fact that it is being served suggests that it is likely to be hot, possibly above 60 degrees Celsius.
Q: Provide a detailed list of the ingredients of the food in the image. Only include a comma-separated list of items with no additional descriptions for each item in your response.
A: 
Q: Estimate the temperature of the dish in the image
A: The dish in the image appears to be hot, as it is being served with a spoon and the food looks freshly cooked. However, without a thermometer or other temperature-measuring device, it is not possible to accurately estimate the temperature of the dish.
- processing frame2840.jpg...
Q: Identify only the food items visible in the image. Provide a comma-separated list of food items with no additional descriptions or details. Do not repeat any items in your response.
A: bread, rice, curry
Q: Identify the main cooking action or stage occurring in the image. Choose one concise label, such as mixing, stirring, whisking, chopping, cutting, pouring, boiling, frying, sautéing, baking, kneading, serving, plating, or no clear cooking action. Return only the action label and nothing else.
A: No clear cooking action
Q: Estimate the approximate temperature of the food or dish shown in the image, in degrees Celsius.
A: It is not possible to accurately estimate the temperature of the food in the image without additional information. The image shows a plate of food, including a sandwich, rice, and a sauce, but there is no visible indication of the temperature of the dish.
Q: Provide a detailed list of the ingredients of the food in the image. Only include a comma-separated list of items with no additional descriptions for each item in your response.
A: 
Q: Estimate the temperature of the dish in the image
A: The dish in the image appears to be hot, as the food is steaming and the bread is toasted. However, it is not possible to accurately estimate the temperature of the dish just by looking at the image.
- processing frame2860.jpg...
Q: Identify only the food items visible in the image. Provide a comma-separated list of food items with no additional descriptions or details. Do not repeat any items in your response.
A: 
Q: Identify the main cooking action or stage occurring in the image. Choose one concise label, such as mixing, stirring, whisking, chopping, cutting, pouring, boiling, frying, sautéing, baking, kneading, serving, plating, or no clear cooking action. Return only the action label and nothing else.
A: Mixing
Q: Estimate the approximate temperature of the food or dish shown in the image, in degrees Celsius.
A: The image shows a plate of food, including a sandwich, a serving of rice, and a serving of curry. The curry appears to be hot, and the sandwich is warm. However, without a thermometer or other temperature-measuring device, it is not possible to accurately estimate the temperature of the food in the image.
Q: Provide a detailed list of the ingredients of the food in the image. Only include a comma-separated list of items with no additional descriptions for each item in your response.
A: 
Q: Estimate the temperature of the dish in the image
A: The image shows a dish of food, including a piece of bread, a serving of rice, and a sauce. However, it is not possible to accurately estimate the temperature of the dish just by looking at the image. The temperature of the dish would depend on various factors such as the cooking method, the time since the dish was prepared, and the
- processing frame2880.jpg...
Q: Identify only the food items visible in the image. Provide a comma-separated list of food items with no additional descriptions or details. Do not repeat any items in your response.
A: 
Q: Identify the main cooking action or stage occurring in the image. Choose one concise label, such as mixing, stirring, whisking, chopping, cutting, pouring, boiling, frying, sautéing, baking, kneading, serving, plating, or no clear cooking action. Return only the action label and nothing else.
A: Mixing
Q: Estimate the approximate temperature of the food or dish shown in the image, in degrees Celsius.
A: The image shows a plate of food, which includes a curry dish and a sandwich. The curry dish appears to be hot, and the sandwich looks freshly made. However, it is not possible to accurately estimate the temperature of the food in the image. The temperature of the food would depend on the time it has been prepared and served,
Q: Provide a detailed list of the ingredients of the food in the image. Only include a comma-separated list of items with no additional descriptions for each item in your response.
A: 
Q: Estimate the temperature of the dish in the image
A: The dish in the image appears to be hot, as it is being served and eaten. However, without a thermometer or other temperature-measuring device, it is not possible to accurately estimate the temperature of the dish.
- processing frame2900.jpg...
Q: Identify only the food items visible in the image. Provide a comma-separated list of food items with no additional descriptions or details. Do not repeat any items in your response.
A: 
Q: Identify the main cooking action or stage occurring in the image. Choose one concise label, such as mixing, stirring, whisking, chopping, cutting, pouring, boiling, frying, sautéing, baking, kneading, serving, plating, or no clear cooking action. Return only the action label and nothing else.
A: Mixing
Q: Estimate the approximate temperature of the food or dish shown in the image, in degrees Celsius.
A: It is not possible to accurately estimate the temperature of the food in the image without additional information. However, the presence of a person's hand touching the food suggests that the food is likely to be at a temperature that is safe for consumption, which is typically around 60 degrees Celsius.
Q: Provide a detailed list of the ingredients of the food in the image. Only include a comma-separated list of items with no additional descriptions for each item in your response.
A: 
Q: Estimate the temperature of the dish in the image
A: The dish in the image appears to be hot, as it is being served and eaten. However, without a thermometer or other temperature-measuring device, it is not possible to accurately estimate the temperature of the dish.
- processing frame2920.jpg...
Q: Identify only the food items visible in the image. Provide a comma-separated list of food items with no additional descriptions or details. Do not repeat any items in your response.
A: 
Q: Identify the main cooking action or stage occurring in the image. Choose one concise label, such as mixing, stirring, whisking, chopping, cutting, pouring, boiling, frying, sautéing, baking, kneading, serving, plating, or no clear cooking action. Return only the action label and nothing else.
A: Mixing
Q: Estimate the approximate temperature of the food or dish shown in the image, in degrees Celsius.
A: It is not possible to accurately estimate the temperature of the food or dish shown in the image without additional information. The image only shows a person's hand touching the food, which does not provide enough context to determine the temperature.
Q: Provide a detailed list of the ingredients of the food in the image. Only include a comma-separated list of items with no additional descriptions for each item in your response.
A: 
Q: Estimate the temperature of the dish in the image
A: The dish in the image appears to be hot, as it is being prepared and served. However, without a thermometer or other temperature-measuring device, it is not possible to provide an exact temperature.
- processing frame2940.jpg...
Q: Identify only the food items visible in the image. Provide a comma-separated list of food items with no additional descriptions or details. Do not repeat any items in your response.
A: 
Q: Identify the main cooking action or stage occurring in the image. Choose one concise label, such as mixing, stirring, whisking, chopping, cutting, pouring, boiling, frying, sautéing, baking, kneading, serving, plating, or no clear cooking action. Return only the action label and nothing else.
A: Mixing
Q: Estimate the approximate temperature of the food or dish shown in the image, in degrees Celsius.
A: The image shows a plate of food, which includes a sandwich and a dish that appears to be a type of curry. The curry is being scooped up by a person's hand. The exact temperature of the food cannot be determined from the image alone, but it is likely that the curry is hot, as it is being
Q: Provide a detailed list of the ingredients of the food in the image. Only include a comma-separated list of items with no additional descriptions for each item in your response.
A: 
Q: Estimate the temperature of the dish in the image
A: The dish in the image appears to be hot, as it is being served and eaten. However, without a thermometer or other temperature-measuring device, it is not possible to accurately estimate the temperature of the dish.
- processing frame2960.jpg...
Q: Identify only the food items visible in the image. Provide a comma-separated list of food items with no additional descriptions or details. Do not repeat any items in your response.
A: tomato sauce, meatball, bread, lemon
Q: Identify the main cooking action or stage occurring in the image. Choose one concise label, such as mixing, stirring, whisking, chopping, cutting, pouring, boiling, frying, sautéing, baking, kneading, serving, plating, or no clear cooking action. Return only the action label and nothing else.
A: Mixing
Q: Estimate the approximate temperature of the food or dish shown in the image, in degrees Celsius.
A: Based on the image, it is not possible to accurately estimate the temperature of the food or dish shown. The image does not provide any visual cues that would allow for a precise temperature estimation.
Q: Provide a detailed list of the ingredients of the food in the image. Only include a comma-separated list of items with no additional descriptions for each item in your response.
A: 
Q: Estimate the temperature of the dish in the image
A: The dish in the image appears to be hot, as it is being held by a person's hand, which suggests that the food is at a temperature that is comfortable for consumption. However, without a thermometer or other temperature-measuring device, it is not possible to provide an exact temperature.
- processing frame2980.jpg...
Q: Identify only the food items visible in the image. Provide a comma-separated list of food items with no additional descriptions or details. Do not repeat any items in your response.
A: 
Q: Identify the main cooking action or stage occurring in the image. Choose one concise label, such as mixing, stirring, whisking, chopping, cutting, pouring, boiling, frying, sautéing, baking, kneading, serving, plating, or no clear cooking action. Return only the action label and nothing else.
A: Mixing
Q: Estimate the approximate temperature of the food or dish shown in the image, in degrees Celsius.
A: The image shows a plate of food, which includes a sandwich, a side of curry, and a side of salad. The curry appears to be hot, and the sandwich looks freshly made. However, it is not possible to accurately estimate the temperature of the food in the image. The temperature of the food would depend on the time it
Q: Provide a detailed list of the ingredients of the food in the image. Only include a comma-separated list of items with no additional descriptions for each item in your response.
A: 
Q: Estimate the temperature of the dish in the image
A: The dish in the image appears to be hot, as indicated by the steam rising from the curry. However, it is not possible to accurately estimate the temperature of the dish based solely on the image.
- processing frame3000.jpg...
Q: Identify only the food items visible in the image. Provide a comma-separated list of food items with no additional descriptions or details. Do not repeat any items in your response.
A: tomato, bread, lemon, onion, rice
Q: Identify the main cooking action or stage occurring in the image. Choose one concise label, such as mixing, stirring, whisking, chopping, cutting, pouring, boiling, frying, sautéing, baking, kneading, serving, plating, or no clear cooking action. Return only the action label and nothing else.
A: Mixing
Q: Estimate the approximate temperature of the food or dish shown in the image, in degrees Celsius.
A: The image shows a plate of food consisting of a curry, bread, and a lemon wedge. The curry appears to be hot, and the bread looks freshly baked. The lemon wedge is likely to be cold. However, without more information or a thermometer, it is not possible to accurately estimate the temperature
Q: Provide a detailed list of the ingredients of the food in the image. Only include a comma-separated list of items with no additional descriptions for each item in your response.
A: 
Q: Estimate the temperature of the dish in the image
A: The dish in the image appears to be hot, as indicated by the steam rising from the curry. However, it is not possible to accurately estimate the temperature of the dish based solely on the image.
- processing frame3020.jpg...
Q: Identify only the food items visible in the image. Provide a comma-separated list of food items with no additional descriptions or details. Do not repeat any items in your response.
A: 
Q: Identify the main cooking action or stage occurring in the image. Choose one concise label, such as mixing, stirring, whisking, chopping, cutting, pouring, boiling, frying, sautéing, baking, kneading, serving, plating, or no clear cooking action. Return only the action label and nothing else.
A: No clear cooking action
Q: Estimate the approximate temperature of the food or dish shown in the image, in degrees Celsius.
A: The image shows a dish that appears to be a bowl of soup or stew. However, without any visible temperature indicators or context, it is not possible to accurately estimate the approximate temperature of the dish.
Q: Provide a detailed list of the ingredients of the food in the image. Only include a comma-separated list of items with no additional descriptions for each item in your response.
A: 
Q: Estimate the temperature of the dish in the image
A: The image shows a dish with a flame on top, which suggests that the dish is hot. However, it is not possible to accurately estimate the temperature of the dish just by looking at the image. The temperature of the dish would depend on various factors such as the type of dish, the cooking method, and the duration of cooking. To estimate the
- processing frame3040.jpg...
Q: Identify only the food items visible in the image. Provide a comma-separated list of food items with no additional descriptions or details. Do not repeat any items in your response.
A: 
Q: Identify the main cooking action or stage occurring in the image. Choose one concise label, such as mixing, stirring, whisking, chopping, cutting, pouring, boiling, frying, sautéing, baking, kneading, serving, plating, or no clear cooking action. Return only the action label and nothing else.
A: No clear cooking action
Q: Estimate the approximate temperature of the food or dish shown in the image, in degrees Celsius.
A: The image shows a dish that appears to be a bowl of soup or stew. However, without any specific details about the ingredients or the cooking method, it is not possible to accurately estimate the approximate temperature of the dish. The temperature of a dish can vary greatly depending on the ingredients used and the cooking method employed.
Q: Provide a detailed list of the ingredients of the food in the image. Only include a comma-separated list of items with no additional descriptions for each item in your response.
A: 
Q: Estimate the temperature of the dish in the image
A: The image shows a dish with a flame on top, which suggests that the dish is hot. However, it is not possible to accurately estimate the temperature of the dish just by looking at the image. The temperature of the dish would depend on various factors such as the type of dish, the cooking method, and the duration of cooking.
- processing frame3060.jpg...
Q: Identify only the food items visible in the image. Provide a comma-separated list of food items with no additional descriptions or details. Do not repeat any items in your response.
A: 
Q: Identify the main cooking action or stage occurring in the image. Choose one concise label, such as mixing, stirring, whisking, chopping, cutting, pouring, boiling, frying, sautéing, baking, kneading, serving, plating, or no clear cooking action. Return only the action label and nothing else.
A: No clear cooking action
Q: Estimate the approximate temperature of the food or dish shown in the image, in degrees Celsius.
A: The image shows a dish that appears to be a bowl of soup or stew. However, without any specific details about the ingredients or the cooking method, it is not possible to accurately estimate the approximate temperature of the dish. The temperature of a dish can vary greatly depending on the ingredients used and the cooking method employed.
Q: Provide a detailed list of the ingredients of the food in the image. Only include a comma-separated list of items with no additional descriptions for each item in your response.
A: 
Q: Estimate the temperature of the dish in the image
A: The image shows a dish with a flame on top, which suggests that the dish is hot. However, it is not possible to accurately estimate the temperature of the dish just by looking at the image. The temperature of the dish would depend on various factors such as the type of dish, the cooking method, and the duration of cooking.
- processing frame3080.jpg...
Q: Identify only the food items visible in the image. Provide a comma-separated list of food items with no additional descriptions or details. Do not repeat any items in your response.
A: 
Q: Identify the main cooking action or stage occurring in the image. Choose one concise label, such as mixing, stirring, whisking, chopping, cutting, pouring, boiling, frying, sautéing, baking, kneading, serving, plating, or no clear cooking action. Return only the action label and nothing else.
A: No clear cooking action
Q: Estimate the approximate temperature of the food or dish shown in the image, in degrees Celsius.
A: The image shows a dish that appears to be a bowl of soup or stew. However, without any specific details about the ingredients or the cooking method, it is not possible to accurately estimate the approximate temperature of the dish. The temperature of a dish can vary greatly depending on the ingredients used and the cooking method employed.
Q: Provide a detailed list of the ingredients of the food in the image. Only include a comma-separated list of items with no additional descriptions for each item in your response.
A: 
Q: Estimate the temperature of the dish in the image
A: The image shows a dish with a flame on top, which suggests that the dish is hot. However, it is not possible to accurately estimate the temperature of the dish just by looking at the image. The temperature of the dish would depend on various factors such as the type of dish, the cooking method, and the duration of cooking.
- processing frame3100.jpg...
Q: Identify only the food items visible in the image. Provide a comma-separated list of food items with no additional descriptions or details. Do not repeat any items in your response.
A: 
Q: Identify the main cooking action or stage occurring in the image. Choose one concise label, such as mixing, stirring, whisking, chopping, cutting, pouring, boiling, frying, sautéing, baking, kneading, serving, plating, or no clear cooking action. Return only the action label and nothing else.
A: No clear cooking action
Q: Estimate the approximate temperature of the food or dish shown in the image, in degrees Celsius.
A: The image shows a dish that appears to be a bowl of soup or stew. However, without any specific details about the ingredients or the cooking method, it is not possible to accurately estimate the approximate temperature of the dish. The temperature of a dish can vary greatly depending on the ingredients used and the cooking method employed.
Q: Provide a detailed list of the ingredients of the food in the image. Only include a comma-separated list of items with no additional descriptions for each item in your response.
A: 
Q: Estimate the temperature of the dish in the image
A: The image shows a dish with a flame on top, which suggests that the dish is hot. However, it is not possible to accurately estimate the temperature of the dish just by looking at the image. The temperature of the dish would depend on various factors such as the type of dish, the cooking method, and the duration of cooking.
- processing frame3120.jpg...
Q: Identify only the food items visible in the image. Provide a comma-separated list of food items with no additional descriptions or details. Do not repeat any items in your response.
A: 
Q: Identify the main cooking action or stage occurring in the image. Choose one concise label, such as mixing, stirring, whisking, chopping, cutting, pouring, boiling, frying, sautéing, baking, kneading, serving, plating, or no clear cooking action. Return only the action label and nothing else.
A: No clear cooking action
Q: Estimate the approximate temperature of the food or dish shown in the image, in degrees Celsius.
A: The image shows a dish that appears to be a bowl of soup or stew. However, without any specific details about the ingredients or the cooking method, it is not possible to accurately estimate the approximate temperature of the dish. The temperature of a dish can vary greatly depending on the ingredients used and the cooking method employed.
Q: Provide a detailed list of the ingredients of the food in the image. Only include a comma-separated list of items with no additional descriptions for each item in your response.
A: 
Q: Estimate the temperature of the dish in the image
A: The image shows a dish with a flame on top. The flame is not directly in contact with the dish, so it is not possible to estimate the temperature of the dish based on the image alone. However, if the flame is in contact with the dish, it could be estimated that the dish is at a high temperature, possibly above 10
- processing frame3140.jpg...
Q: Identify only the food items visible in the image. Provide a comma-separated list of food items with no additional descriptions or details. Do not repeat any items in your response.
A: 
Q: Identify the main cooking action or stage occurring in the image. Choose one concise label, such as mixing, stirring, whisking, chopping, cutting, pouring, boiling, frying, sautéing, baking, kneading, serving, plating, or no clear cooking action. Return only the action label and nothing else.
A: No clear cooking action
Q: Estimate the approximate temperature of the food or dish shown in the image, in degrees Celsius.
A: The image shows a dish that appears to be a bowl of soup or stew. However, without any specific details about the ingredients or the cooking method, it is not possible to accurately estimate the approximate temperature of the dish. The temperature of a dish can vary greatly depending on the ingredients used and the cooking method employed.
Q: Provide a detailed list of the ingredients of the food in the image. Only include a comma-separated list of items with no additional descriptions for each item in your response.
A: 
Q: Estimate the temperature of the dish in the image
A: The image shows a dish with a leaf on top, which is a common symbol for a healthy and fresh meal. However, the image does not provide any information about the temperature of the dish. To estimate the temperature, one would need to use a thermometer or other temperature-measuring device.
- processing frame3160.jpg...
Q: Identify only the food items visible in the image. Provide a comma-separated list of food items with no additional descriptions or details. Do not repeat any items in your response.
A: 
Q: Identify the main cooking action or stage occurring in the image. Choose one concise label, such as mixing, stirring, whisking, chopping, cutting, pouring, boiling, frying, sautéing, baking, kneading, serving, plating, or no clear cooking action. Return only the action label and nothing else.
A: No clear cooking action
Q: Estimate the approximate temperature of the food or dish shown in the image, in degrees Celsius.
A: The image shows a dish that appears to be a bowl of soup or stew. However, without any specific details about the ingredients or the cooking method, it is not possible to accurately estimate the approximate temperature of the dish. The temperature of a dish can vary greatly depending on the ingredients used and the cooking method employed.
Q: Provide a detailed list of the ingredients of the food in the image. Only include a comma-separated list of items with no additional descriptions for each item in your response.
A: 
Q: Estimate the temperature of the dish in the image
A: The image shows a dish with a green leaf on top, which is a common symbol for freshness and quality. However, the image does not provide any information about the temperature of the dish. To estimate the temperature, one would need to know the type of dish, the cooking method, and the time it has been cooked. Without this information,
- processing frame3180.jpg...
Q: Identify only the food items visible in the image. Provide a comma-separated list of food items with no additional descriptions or details. Do not repeat any items in your response.
A: 
100%|██████████| 3/3 [25:42<00:00, 587.10s/it]100%|██████████| 3/3 [25:42<00:00, 514.13s/it]
Q: Identify the main cooking action or stage occurring in the image. Choose one concise label, such as mixing, stirring, whisking, chopping, cutting, pouring, boiling, frying, sautéing, baking, kneading, serving, plating, or no clear cooking action. Return only the action label and nothing else.
A: No clear cooking action
Q: Estimate the approximate temperature of the food or dish shown in the image, in degrees Celsius.
A: The image shows a dish that appears to be a bowl of soup or stew. However, without any specific details about the ingredients or the cooking method, it is not possible to accurately estimate the approximate temperature of the dish. The temperature of a dish can vary greatly depending on the ingredients used and the cooking method employed.
Q: Provide a detailed list of the ingredients of the food in the image. Only include a comma-separated list of items with no additional descriptions for each item in your response.
A: 
Q: Estimate the temperature of the dish in the image
A: The image shows a dish with a leaf on top, which is a common symbol for a healthy and fresh meal. However, the image does not provide any information about the temperature of the dish. To estimate the temperature, one would need to use a thermometer or other temperature-measuring device.
- processing frame3200.jpg...
Q: Identify only the food items visible in the image. Provide a comma-separated list of food items with no additional descriptions or details. Do not repeat any items in your response.
A: 
Q: Identify the main cooking action or stage occurring in the image. Choose one concise label, such as mixing, stirring, whisking, chopping, cutting, pouring, boiling, frying, sautéing, baking, kneading, serving, plating, or no clear cooking action. Return only the action label and nothing else.
A: No clear cooking action
Q: Estimate the approximate temperature of the food or dish shown in the image, in degrees Celsius.
A: The image shows a dish that appears to be a bowl of soup or stew. However, without any specific details about the ingredients or the cooking method, it is not possible to accurately estimate the approximate temperature of the dish. The temperature of a dish can vary greatly depending on the ingredients used and the cooking method employed.
Q: Provide a detailed list of the ingredients of the food in the image. Only include a comma-separated list of items with no additional descriptions for each item in your response.
A: 
Q: Estimate the temperature of the dish in the image
A: The image shows a dish with a green leaf on top, which is a common symbol for freshness and quality. However, the image does not provide any information about the temperature of the dish. To estimate the temperature, one would need to know the type of dish, the cooking method, and the time it has been cooked. Without this information,
- processing frame3220.jpg...
Q: Identify only the food items visible in the image. Provide a comma-separated list of food items with no additional descriptions or details. Do not repeat any items in your response.
A: 
Q: Identify the main cooking action or stage occurring in the image. Choose one concise label, such as mixing, stirring, whisking, chopping, cutting, pouring, boiling, frying, sautéing, baking, kneading, serving, plating, or no clear cooking action. Return only the action label and nothing else.
A: No clear cooking action
Q: Estimate the approximate temperature of the food or dish shown in the image, in degrees Celsius.
A: The image shows a dish that appears to be a bowl of soup or stew. However, without any specific details about the ingredients or the cooking method, it is not possible to accurately estimate the approximate temperature of the dish. The temperature of a dish can vary greatly depending on the ingredients used and the cooking method employed.
Q: Provide a detailed list of the ingredients of the food in the image. Only include a comma-separated list of items with no additional descriptions for each item in your response.
A: 
Q: Estimate the temperature of the dish in the image
A: The image shows a dish with a green leaf on top, which is a common symbol for freshness and quality. However, the image does not provide any information about the temperature of the dish. To estimate the temperature, one would need to know the type of dish, the cooking method, and the time it has been cooked. Without this information,
- processing frame3240.jpg...
Q: Identify only the food items visible in the image. Provide a comma-separated list of food items with no additional descriptions or details. Do not repeat any items in your response.
A: 
Q: Identify the main cooking action or stage occurring in the image. Choose one concise label, such as mixing, stirring, whisking, chopping, cutting, pouring, boiling, frying, sautéing, baking, kneading, serving, plating, or no clear cooking action. Return only the action label and nothing else.
A: No clear cooking action
Q: Estimate the approximate temperature of the food or dish shown in the image, in degrees Celsius.
A: The image shows a dish that appears to be a bowl of soup or stew. However, without any specific details about the ingredients or the cooking method, it is not possible to accurately estimate the approximate temperature of the dish. The temperature of a dish can vary greatly depending on the ingredients used and the cooking method employed.
Q: Provide a detailed list of the ingredients of the food in the image. Only include a comma-separated list of items with no additional descriptions for each item in your response.
A: 
Q: Estimate the temperature of the dish in the image
A: The image shows a dish with a leaf on top, which is a common symbol for a healthy and fresh meal. However, the image does not provide any information about the temperature of the dish. To estimate the temperature, one would need to use a thermometer or other temperature-measuring device.

1549.18 seconds elapsed...
#################################################################################################
Generating intervals
#################################################################################################

Merged intervals:
[[[0.0, 0.83, 'chocolate cake'],
  [0.83, 5.83, 'spice'],
  [8.33, 20.0, 'egg'],
  [20.0, 21.67, 'chocolate chip'],
  [21.67, 24.17, 'egg'],
  [24.17, 25.0, 'spice'],
  [25.83, 26.67, 'vanilla extract'],
  [31.67, 32.5, 'spice'],
  [37.5, 38.33, 'cocoa powder'],
  [41.67, 46.67, 'chocolate'],
  [52.5, 56.67, 'sugar'],
  [62.5, 63.33, 'chocolate']],
 [[5.84, 6.67, 'egg'],
  [8.34, 26.69, 'tomato'],
  [29.2, 35.87, 'carrot'],
  [35.87, 45.88, 'tomato'],
  [45.88, 47.55, 'tomato sauce'],
  [47.55, 50.88, 'tomato'],
  [50.88, 59.23, 'rice'],
  [59.23, 62.56, 'tomato'],
  [62.56, 63.4, 'tbsp'],
  [63.4, 71.74, 'rice'],
  [73.41, 75.91, 'tomato'],
  [76.74, 92.59, 'tomato sauce'],
  [93.43, 94.26, 'tomato sauce'],
  [94.26, 95.09, 'tomato'],
  [96.76, 97.6, 'butter'],
  [100.1, 100.93, 'egg'],
  [102.6, 103.44, 'tsp'],
  [117.62, 118.45, 'rice']]]
Not Eating
Not Eating
Not Eating
Not Eating
Not Eating
Not Eating
Not Eating
Not Eating
Not Eating
Not Eating
Not Eating
Not Eating
Not Eating
Not Eating
Not Eating
Not Eating
Not Eating
Not Eating
Not Eating
Not Eating
Not Eating
Not Eating
Not Eating
Not Eating
Not Eating
Not Eating
Not Eating
Not Eating
Not Eating
Not Eating
Not Eating
Not Eating
Not Eating
Not Eating
Not Eating
Not Eating
Not Eating
Not Eating
Not Eating
Not Eating
Not Eating
Not Eating
Not Eating
Not Eating
Not Eating
Not Eating
Not Eating
Not Eating
Not Eating
Not Eating
Not Eating
Not Eating
Not Eating
Not Eating
Not Eating
Not Eating
Not Eating
Not Eating
Not Eating
Not Eating
Not Eating
Not Eating
Not Eating
Not Eating
Not Eating
Not Eating
Not Eating
Not Eating
Not Eating
Not Eating
Not Eating
Not Eating
Not Eating
Not Eating
Not Eating
Not Eating
Not Eating
Not Eating
Not Eating
Not Eating
Not Eating
Not Eating
Moviepy - Building video /home/student01/Downloads/FoodVideoQA-main/data_inference/intervals/output_videos/brownie.mp4.
Moviepy - Writing video /home/student01/Downloads/FoodVideoQA-main/data_inference/intervals/output_videos/brownie.mp4

t:   0%|          | 0/83 [00:00<?, ?it/s, now=None]                                                   Moviepy - Done !
Moviepy - video ready /home/student01/Downloads/FoodVideoQA-main/data_inference/intervals/output_videos/brownie.mp4

Created: /home/student01/Downloads/FoodVideoQA-main/data_inference/intervals/output_videos/brownie.mp4
Not Eating
Not Eating
Not Eating
Not Eating
Not Eating
Not Eating
Not Eating
Not Eating
Not Eating
Not Eating
Not Eating
Not Eating
Not Eating
Not Eating
Not Eating
Not Eating
Not Eating
Not Eating
Not Eating
Not Eating
Not Eating
Not Eating
Not Eating
Not Eating
Not Eating
Not Eating
Not Eating
Not Eating
Not Eating
Not Eating
Not Eating
Not Eating
Not Eating
Not Eating
Not Eating
Not Eating
Not Eating
Not Eating
Not Eating
Not Eating
Not Eating
Not Eating
Not Eating
Not Eating
Not Eating
Not Eating
Not Eating
Not Eating
Not Eating
Not Eating
Not Eating
Not Eating
Not Eating
Not Eating
Not Eating
Not Eating
Not Eating
Not Eating
Not Eating
Not Eating
Not Eating
Not Eating
Not Eating
Not Eating
Not Eating
Not Eating
Not Eating
Not Eating
Not Eating
Not Eating
Not Eating
Not Eating
Not Eating
Not Eating
Not Eating
Not Eating
Not Eating
Not Eating
Not Eating
Not Eating
Not Eating
Not Eating
Not Eating
Not Eating
Not Eating
Not Eating
Not Eating
Not Eating
Not Eating
Not Eating
Not Eating
Not Eating
Not Eating
Not Eating
Not Eating
Not Eating
Not Eating
Not Eating
Not Eating
Not Eating
Not Eating
Not Eating
Not Eating
Not Eating
Not Eating
Not Eating
Not Eating
Not Eating
Not Eating
Not Eating
Not Eating
Not Eating
Not Eating
Not Eating
Not Eating
Not Eating
Not Eating
Not Eating
Not Eating
Not Eating
Not Eating
Not Eating
Not Eating
Not Eating
Not Eating
Not Eating
Not Eating
Not Eating
Not Eating
Not Eating
Not Eating
Not Eating
Not Eating
Not Eating
Not Eating
Not Eating
Not Eating
Not Eating
Not Eating
Not Eating
Not Eating
Not Eating
Not Eating
Not Eating
Not Eating
Not Eating
Not Eating
Not Eating
Not Eating
Not Eating
Not Eating
Not Eating
Not Eating
Not Eating
Not Eating
Not Eating
Not Eating
Not Eating
Not Eating
Not Eating
Not Eating
Not Eating
Moviepy - Building video /home/student01/Downloads/FoodVideoQA-main/data_inference/intervals/output_videos/pav_bhaji.mp4.
Moviepy - Writing video /home/student01/Downloads/FoodVideoQA-main/data_inference/intervals/output_videos/pav_bhaji.mp4

t:   0%|          | 0/162 [00:00<?, ?it/s, now=None]t:  64%|██████▍   | 104/162 [00:00<00:00, 1034.01it/s, now=None]                                                                Moviepy - Done !
Moviepy - video ready /home/student01/Downloads/FoodVideoQA-main/data_inference/intervals/output_videos/pav_bhaji.mp4

Created: /home/student01/Downloads/FoodVideoQA-main/data_inference/intervals/output_videos/pav_bhaji.mp4
#################################################################################################
Generating action intervals
#################################################################################################

======================================================================
ACTION INTERVALS
======================================================================

brownie.mp4
0.83s - 1.67s : Baking
1.67s - 29.17s : Mixing
29.17s - 30.83s : Baking
30.83s - 39.17s : Mixing
39.17s - 40.00s : No clear cooking action
40.00s - 40.83s : Mixing
40.83s - 41.67s : No clear cooking action
41.67s - 48.33s : Mixing
48.33s - 49.17s : No clear cooking action
49.17s - 50.83s : Mixing
50.83s - 51.67s : No clear cooking action
51.67s - 54.17s : Mixing
54.17s - 55.83s : Baking
55.83s - 60.00s : Mixing
60.00s - 60.83s : No clear cooking action
60.83s - 64.17s : Mixing
64.17s - 65.83s : Baking
65.83s - 66.67s : No clear cooking action
66.67s - 68.33s : Baking

pav_bhaji.mp4
0.83s - 2.50s : Mixing
2.50s - 3.34s : No clear cooking action
3.34s - 5.00s : Mixing
5.00s - 6.67s : No clear cooking action
6.67s - 8.34s : Mixing
8.34s - 9.18s : No clear cooking action
9.18s - 10.84s : Chopping
10.84s - 12.51s : Mixing
12.51s - 14.18s : Chopping
14.18s - 15.01s : Mixing
15.01s - 15.85s : Boiling
15.85s - 18.35s : Mixing
18.35s - 19.19s : No clear cooking action
19.19s - 20.02s : Mixing
20.02s - 20.85s : No clear cooking action
20.85s - 23.36s : Mixing
23.36s - 26.69s : Mix well
26.69s - 27.53s : Mixing
27.53s - 29.20s : Boiling
29.20s - 61.73s : Mixing
61.73s - 62.56s : Chopping
62.56s - 75.07s : Mixing
75.07s - 78.41s : Mix well
78.41s - 86.75s : Mixing
86.75s - 90.09s : Boiling
90.09s - 95.09s : Mixing
95.09s - 96.76s : Serving
96.76s - 98.43s : Mixing
98.43s - 99.27s : No clear cooking action
99.27s - 102.60s : Mixing
102.60s - 103.44s : No clear cooking action
103.44s - 104.27s : chopping
104.27s - 105.94s : No clear cooking action
105.94s - 108.44s : Frying
108.44s - 110.94s : Kneading
110.94s - 111.78s : Mixing
111.78s - 112.61s : Frying
112.61s - 114.28s : Mixing
114.28s - 115.95s : Frying
115.95s - 116.78s : Mixing
116.78s - 117.62s : Frying
117.62s - 119.29s : No clear cooking action
119.29s - 125.96s : Mixing
125.96s - 135.13s : No clear cooking action

Action intervals saved to: /home/student01/Downloads/FoodVideoQA-main/data_inference/action_intervals.json
